"plantNum","surv","date.in","date.out","daysout","c8.4","c10.2","c10.7","c18.1","tough","trich","lat","c.pca"
1,1,2016-09-02,2016-08-26,7,0.00431938769798918,0.0544141126417897,0.0308141158843233,0.0159919533611696,110,NA,NA,1.87558736651132
1,1,2016-09-02,2016-08-26,7,0.00431938769798918,0.0544141126417897,0.0308141158843233,0.0159919533611696,110,NA,NA,1.87558736651132
1,1,2016-09-02,2016-08-26,7,0.00431938769798918,0.0544141126417897,0.0308141158843233,0.0159919533611696,110,NA,NA,1.87558736651132
1,1,2016-09-02,2016-08-26,7,0.00431938769798918,0.0544141126417897,0.0308141158843233,0.0159919533611696,110,NA,NA,1.87558736651132
1,0,2016-09-02,2016-08-26,7,0.00431938769798918,0.0544141126417897,0.0308141158843233,0.0159919533611696,110,NA,NA,1.87558736651132
2,1,2016-09-02,2016-08-26,7,0.00579334728134851,0.0210237431582244,0.0401265515889759,0.0182502930689488,145,87.5,0.00102899999999995,2.37138165418463
2,1,2016-09-02,2016-08-26,7,0.00579334728134851,0.0210237431582244,0.0401265515889759,0.0182502930689488,145,87.5,0.00102899999999995,2.37138165418463
2,1,2016-09-02,2016-08-26,7,0.00579334728134851,0.0210237431582244,0.0401265515889759,0.0182502930689488,145,87.5,0.00102899999999995,2.37138165418463
2,0,2016-09-02,2016-08-26,7,0.00579334728134851,0.0210237431582244,0.0401265515889759,0.0182502930689488,145,87.5,0.00102899999999995,2.37138165418463
2,0,2016-09-02,2016-08-26,7,0.00579334728134851,0.0210237431582244,0.0401265515889759,0.0182502930689488,145,87.5,0.00102899999999995,2.37138165418463
3,1,2016-09-02,2016-08-26,7,0.0251424522314438,0.028111677389415,0.0276960329470223,0.0128340002593097,132.5,77.5,0.00531100000000007,1.64331619693281
3,1,2016-09-02,2016-08-26,7,0.0251424522314438,0.028111677389415,0.0276960329470223,0.0128340002593097,132.5,77.5,0.00531100000000007,1.64331619693281
3,1,2016-09-02,2016-08-26,7,0.0251424522314438,0.028111677389415,0.0276960329470223,0.0128340002593097,132.5,77.5,0.00531100000000007,1.64331619693281
3,1,2016-09-02,2016-08-26,7,0.0251424522314438,0.028111677389415,0.0276960329470223,0.0128340002593097,132.5,77.5,0.00531100000000007,1.64331619693281
3,1,2016-09-02,2016-08-26,7,0.0251424522314438,0.028111677389415,0.0276960329470223,0.0128340002593097,132.5,77.5,0.00531100000000007,1.64331619693281
4,1,2016-09-02,2016-08-26,7,0.0432945092075267,0.0191728675670183,0.0275719720939144,0.0135676437541626,165,88,0.00850499999999998,1.65778213076063
4,1,2016-09-02,2016-08-26,7,0.0432945092075267,0.0191728675670183,0.0275719720939144,0.0135676437541626,165,88,0.00850499999999998,1.65778213076063
4,1,2016-09-02,2016-08-26,7,0.0432945092075267,0.0191728675670183,0.0275719720939144,0.0135676437541626,165,88,0.00850499999999998,1.65778213076063
4,1,2016-09-02,2016-08-26,7,0.0432945092075267,0.0191728675670183,0.0275719720939144,0.0135676437541626,165,88,0.00850499999999998,1.65778213076063
4,1,2016-09-02,2016-08-26,7,0.0432945092075267,0.0191728675670183,0.0275719720939144,0.0135676437541626,165,88,0.00850499999999998,1.65778213076063
5,1,2016-09-02,2016-08-26,7,0.0098983711488002,0.0319013023261227,0.0393518053342753,0.0194235813561009,127.5,34,0.00077499999999997,2.36768820823865
5,1,2016-09-02,2016-08-26,7,0.0098983711488002,0.0319013023261227,0.0393518053342753,0.0194235813561009,127.5,34,0.00077499999999997,2.36768820823865
5,1,2016-09-02,2016-08-26,7,0.0098983711488002,0.0319013023261227,0.0393518053342753,0.0194235813561009,127.5,34,0.00077499999999997,2.36768820823865
5,1,2016-09-02,2016-08-26,7,0.0098983711488002,0.0319013023261227,0.0393518053342753,0.0194235813561009,127.5,34,0.00077499999999997,2.36768820823865
5,1,2016-09-02,2016-08-26,7,0.0098983711488002,0.0319013023261227,0.0393518053342753,0.0194235813561009,127.5,34,0.00077499999999997,2.36768820823865
6,1,2016-09-02,2016-08-26,7,0.168797989701593,0.0419623357233816,0.0279914676839026,0.031090713278198,132.5,35.5,NA,2.16076275746293
6,0,2016-09-02,2016-08-26,7,0.168797989701593,0.0419623357233816,0.0279914676839026,0.031090713278198,132.5,35.5,NA,2.16076275746293
6,0,2016-09-02,2016-08-26,7,0.168797989701593,0.0419623357233816,0.0279914676839026,0.031090713278198,132.5,35.5,NA,2.16076275746293
6,0,2016-09-02,2016-08-26,7,0.168797989701593,0.0419623357233816,0.0279914676839026,0.031090713278198,132.5,35.5,NA,2.16076275746293
6,0,2016-09-02,2016-08-26,7,0.168797989701593,0.0419623357233816,0.0279914676839026,0.031090713278198,132.5,35.5,NA,2.16076275746293
7,1,2016-09-02,2016-08-26,7,0.00349693526073544,0.0196382681792249,0.0217234696038008,0.0137938508439858,110,89,0.00342300000000018,1.39177914646893
7,1,2016-09-02,2016-08-26,7,0.00349693526073544,0.0196382681792249,0.0217234696038008,0.0137938508439858,110,89,0.00342300000000018,1.39177914646893
7,1,2016-09-02,2016-08-26,7,0.00349693526073544,0.0196382681792249,0.0217234696038008,0.0137938508439858,110,89,0.00342300000000018,1.39177914646893
7,1,2016-09-02,2016-08-26,7,0.00349693526073544,0.0196382681792249,0.0217234696038008,0.0137938508439858,110,89,0.00342300000000018,1.39177914646893
7,1,2016-09-02,2016-08-26,7,0.00349693526073544,0.0196382681792249,0.0217234696038008,0.0137938508439858,110,89,0.00342300000000018,1.39177914646893
8,1,2016-09-02,2016-08-26,7,0.0625328368079802,0.0448740866707152,0.0516589830672206,0.0371178503960296,42.5,100,NA,3.42875591311629
8,1,2016-09-02,2016-08-26,7,0.0625328368079802,0.0448740866707152,0.0516589830672206,0.0371178503960296,42.5,100,NA,3.42875591311629
8,0,2016-09-02,2016-08-26,7,0.0625328368079802,0.0448740866707152,0.0516589830672206,0.0371178503960296,42.5,100,NA,3.42875591311629
8,0,2016-09-02,2016-08-26,7,0.0625328368079802,0.0448740866707152,0.0516589830672206,0.0371178503960296,42.5,100,NA,3.42875591311629
8,0,2016-09-02,2016-08-26,7,0.0625328368079802,0.0448740866707152,0.0516589830672206,0.0371178503960296,42.5,100,NA,3.42875591311629
9,1,2016-09-02,2016-08-26,7,0.0526964441990624,0.0163672323077314,0.0309225777250335,0.0143258731099984,115,84,0.00424500000000005,1.83466981009394
9,1,2016-09-02,2016-08-26,7,0.0526964441990624,0.0163672323077314,0.0309225777250335,0.0143258731099984,115,84,0.00424500000000005,1.83466981009394
9,1,2016-09-02,2016-08-26,7,0.0526964441990624,0.0163672323077314,0.0309225777250335,0.0143258731099984,115,84,0.00424500000000005,1.83466981009394
9,1,2016-09-02,2016-08-26,7,0.0526964441990624,0.0163672323077314,0.0309225777250335,0.0143258731099984,115,84,0.00424500000000005,1.83466981009394
9,0,2016-09-02,2016-08-26,7,0.0526964441990624,0.0163672323077314,0.0309225777250335,0.0143258731099984,115,84,0.00424500000000005,1.83466981009394
11,1,2016-09-02,2016-08-26,7,0.119500340146168,0.026689557818267,0.0356125829852287,0.0237475332406302,130,80.5,0.0031690000000002,2.31292570690948
11,1,2016-09-02,2016-08-26,7,0.119500340146168,0.026689557818267,0.0356125829852287,0.0237475332406302,130,80.5,0.0031690000000002,2.31292570690948
11,1,2016-09-02,2016-08-26,7,0.119500340146168,0.026689557818267,0.0356125829852287,0.0237475332406302,130,80.5,0.0031690000000002,2.31292570690948
11,1,2016-09-02,2016-08-26,7,0.119500340146168,0.026689557818267,0.0356125829852287,0.0237475332406302,130,80.5,0.0031690000000002,2.31292570690948
12,0,2016-09-02,2016-08-26,7,0.0497261591611505,0.0352142172783019,0.027182949473656,0.0167265504652282,117.5,63,0.0019070000000001,1.72682615953706
12,0,2016-09-02,2016-08-26,7,0.0497261591611505,0.0352142172783019,0.027182949473656,0.0167265504652282,117.5,63,0.0019070000000001,1.72682615953706
12,0,2016-09-02,2016-08-26,7,0.0497261591611505,0.0352142172783019,0.027182949473656,0.0167265504652282,117.5,63,0.0019070000000001,1.72682615953706
12,0,2016-09-02,2016-08-26,7,0.0497261591611505,0.0352142172783019,0.027182949473656,0.0167265504652282,117.5,63,0.0019070000000001,1.72682615953706
12,0,2016-09-02,2016-08-26,7,0.0497261591611505,0.0352142172783019,0.027182949473656,0.0167265504652282,117.5,63,0.0019070000000001,1.72682615953706
13,0,2016-09-03,2016-08-26,8,0.272569941924733,0.0203095796325143,0.0244678627604206,0.0147304800239143,95,46,0.00988699999999998,1.54537000360449
13,0,2016-09-03,2016-08-26,8,0.272569941924733,0.0203095796325143,0.0244678627604206,0.0147304800239143,95,46,0.00988699999999998,1.54537000360449
13,0,2016-09-03,2016-08-26,8,0.272569941924733,0.0203095796325143,0.0244678627604206,0.0147304800239143,95,46,0.00988699999999998,1.54537000360449
13,0,2016-09-03,2016-08-26,8,0.272569941924733,0.0203095796325143,0.0244678627604206,0.0147304800239143,95,46,0.00988699999999998,1.54537000360449
13,0,2016-09-03,2016-08-26,8,0.272569941924733,0.0203095796325143,0.0244678627604206,0.0147304800239143,95,46,0.00988699999999998,1.54537000360449
14,1,2016-09-03,2016-08-26,8,0.189943986097953,0.0317046824931843,0.0423012336035429,0.0265432962570481,145,84.5,NA,2.70141178997144
14,1,2016-09-03,2016-08-26,8,0.189943986097953,0.0317046824931843,0.0423012336035429,0.0265432962570481,145,84.5,NA,2.70141178997144
14,1,2016-09-03,2016-08-26,8,0.189943986097953,0.0317046824931843,0.0423012336035429,0.0265432962570481,145,84.5,NA,2.70141178997144
14,1,2016-09-03,2016-08-26,8,0.189943986097953,0.0317046824931843,0.0423012336035429,0.0265432962570481,145,84.5,NA,2.70141178997144
15,0,2016-09-03,2016-08-26,8,0.0407200348502616,0.0254381731622745,0.0393536105059165,0.0207297204432654,125,101.5,0.00183400000000011,2.40380801110868
15,0,2016-09-03,2016-08-26,8,0.0407200348502616,0.0254381731622745,0.0393536105059165,0.0207297204432654,125,101.5,0.00183400000000011,2.40380801110868
15,0,2016-09-03,2016-08-26,8,0.0407200348502616,0.0254381731622745,0.0393536105059165,0.0207297204432654,125,101.5,0.00183400000000011,2.40380801110868
15,0,2016-09-03,2016-08-26,8,0.0407200348502616,0.0254381731622745,0.0393536105059165,0.0207297204432654,125,101.5,0.00183400000000011,2.40380801110868
15,0,2016-09-03,2016-08-26,8,0.0407200348502616,0.0254381731622745,0.0393536105059165,0.0207297204432654,125,101.5,0.00183400000000011,2.40380801110868
16,0,2016-09-03,2016-08-26,8,0.0607829503944435,0.0265830953944111,0.0307489663000211,0.0242377010064338,115,71,0.0067060000000001,2.10005106017903
16,0,2016-09-03,2016-08-26,8,0.0607829503944435,0.0265830953944111,0.0307489663000211,0.0242377010064338,115,71,0.0067060000000001,2.10005106017903
16,0,2016-09-03,2016-08-26,8,0.0607829503944435,0.0265830953944111,0.0307489663000211,0.0242377010064338,115,71,0.0067060000000001,2.10005106017903
16,0,2016-09-03,2016-08-26,8,0.0607829503944435,0.0265830953944111,0.0307489663000211,0.0242377010064338,115,71,0.0067060000000001,2.10005106017903
16,0,2016-09-03,2016-08-26,8,0.0607829503944435,0.0265830953944111,0.0307489663000211,0.0242377010064338,115,71,0.0067060000000001,2.10005106017903
17,0,2016-09-03,2016-08-26,8,0.182409707956359,0.0242520511946735,0.0221612648943722,0.0117297312250179,97.5,56,0.00500800000000012,1.3552101228534
17,0,2016-09-03,2016-08-26,8,0.182409707956359,0.0242520511946735,0.0221612648943722,0.0117297312250179,97.5,56,0.00500800000000012,1.3552101228534
17,0,2016-09-03,2016-08-26,8,0.182409707956359,0.0242520511946735,0.0221612648943722,0.0117297312250179,97.5,56,0.00500800000000012,1.3552101228534
17,0,2016-09-03,2016-08-26,8,0.182409707956359,0.0242520511946735,0.0221612648943722,0.0117297312250179,97.5,56,0.00500800000000012,1.3552101228534
17,0,2016-09-03,2016-08-26,8,0.182409707956359,0.0242520511946735,0.0221612648943722,0.0117297312250179,97.5,56,0.00500800000000012,1.3552101228534
18,1,2016-09-03,2016-08-26,8,0.0639175973871906,0.0317697583352147,0.0302793864405345,0.0146509649535469,110,NA,NA,1.8136988136529
18,1,2016-09-03,2016-08-26,8,0.0639175973871906,0.0317697583352147,0.0302793864405345,0.0146509649535469,110,NA,NA,1.8136988136529
18,1,2016-09-03,2016-08-26,8,0.0639175973871906,0.0317697583352147,0.0302793864405345,0.0146509649535469,110,NA,NA,1.8136988136529
18,0,2016-09-03,2016-08-26,8,0.0639175973871906,0.0317697583352147,0.0302793864405345,0.0146509649535469,110,NA,NA,1.8136988136529
18,0,2016-09-03,2016-08-26,8,0.0639175973871906,0.0317697583352147,0.0302793864405345,0.0146509649535469,110,NA,NA,1.8136988136529
19,0,2016-09-03,2016-08-26,8,0.137386372923585,0.0668939390396286,0.0268556440391116,0.0122105618044655,147.5,68,NA,1.58699626895833
19,0,2016-09-03,2016-08-26,8,0.137386372923585,0.0668939390396286,0.0268556440391116,0.0122105618044655,147.5,68,NA,1.58699626895833
19,0,2016-09-03,2016-08-26,8,0.137386372923585,0.0668939390396286,0.0268556440391116,0.0122105618044655,147.5,68,NA,1.58699626895833
19,0,2016-09-03,2016-08-26,8,0.137386372923585,0.0668939390396286,0.0268556440391116,0.0122105618044655,147.5,68,NA,1.58699626895833
21,1,2016-09-03,2016-08-26,8,0.00866058401560031,0.019959590063685,0.0264193611238055,0.0133805617408836,85,75,0.00267400000000007,1.59896734413695
21,0,2016-09-03,2016-08-26,8,0.00866058401560031,0.019959590063685,0.0264193611238055,0.0133805617408836,85,75,0.00267400000000007,1.59896734413695
21,0,2016-09-03,2016-08-26,8,0.00866058401560031,0.019959590063685,0.0264193611238055,0.0133805617408836,85,75,0.00267400000000007,1.59896734413695
21,0,2016-09-03,2016-08-26,8,0.00866058401560031,0.019959590063685,0.0264193611238055,0.0133805617408836,85,75,0.00267400000000007,1.59896734413695
21,0,2016-09-03,2016-08-26,8,0.00866058401560031,0.019959590063685,0.0264193611238055,0.0133805617408836,85,75,0.00267400000000007,1.59896734413695
22,0,2016-09-03,2016-08-26,8,0.117482399454675,0.0836576958743486,0.0530309614676727,0.0390267522569705,105,22,NA,3.54528632217812
22,0,2016-09-03,2016-08-26,8,0.117482399454675,0.0836576958743486,0.0530309614676727,0.0390267522569705,105,22,NA,3.54528632217812
22,0,2016-09-03,2016-08-26,8,0.117482399454675,0.0836576958743486,0.0530309614676727,0.0390267522569705,105,22,NA,3.54528632217812
22,0,2016-09-03,2016-08-26,8,0.117482399454675,0.0836576958743486,0.0530309614676727,0.0390267522569705,105,22,NA,3.54528632217812
22,0,2016-09-03,2016-08-26,8,0.117482399454675,0.0836576958743486,0.0530309614676727,0.0390267522569705,105,22,NA,3.54528632217812
23,0,2016-09-03,2016-08-26,8,0.483825140978441,0.0437138730924147,0.0343888967550195,0.0285716820326363,155,52.5,0.00679999999999992,2.38905995401437
23,0,2016-09-03,2016-08-26,8,0.483825140978441,0.0437138730924147,0.0343888967550195,0.0285716820326363,155,52.5,0.00679999999999992,2.38905995401437
23,0,2016-09-03,2016-08-26,8,0.483825140978441,0.0437138730924147,0.0343888967550195,0.0285716820326363,155,52.5,0.00679999999999992,2.38905995401437
23,0,2016-09-03,2016-08-26,8,0.483825140978441,0.0437138730924147,0.0343888967550195,0.0285716820326363,155,52.5,0.00679999999999992,2.38905995401437
23,0,2016-09-03,2016-08-26,8,0.483825140978441,0.0437138730924147,0.0343888967550195,0.0285716820326363,155,52.5,0.00679999999999992,2.38905995401437
24,1,2016-09-03,2016-08-26,8,0.106007954138884,0.0283395311002778,0.0302160648394842,0.0233881935650182,65,71,NA,2.05180733128119
24,1,2016-09-03,2016-08-26,8,0.106007954138884,0.0283395311002778,0.0302160648394842,0.0233881935650182,65,71,NA,2.05180733128119
24,1,2016-09-03,2016-08-26,8,0.106007954138884,0.0283395311002778,0.0302160648394842,0.0233881935650182,65,71,NA,2.05180733128119
24,0,2016-09-03,2016-08-26,8,0.106007954138884,0.0283395311002778,0.0302160648394842,0.0233881935650182,65,71,NA,2.05180733128119
24,0,2016-09-03,2016-08-26,8,0.106007954138884,0.0283395311002778,0.0302160648394842,0.0233881935650182,65,71,NA,2.05180733128119
25,0,2016-09-03,2016-08-26,8,0.0087823275994192,0.0611209626652782,0.0665979791313636,0.0410761960654447,102.5,92,NA,4.23336525250172
25,0,2016-09-03,2016-08-26,8,0.0087823275994192,0.0611209626652782,0.0665979791313636,0.0410761960654447,102.5,92,NA,4.23336525250172
25,0,2016-09-03,2016-08-26,8,0.0087823275994192,0.0611209626652782,0.0665979791313636,0.0410761960654447,102.5,92,NA,4.23336525250172
25,0,2016-09-03,2016-08-26,8,0.0087823275994192,0.0611209626652782,0.0665979791313636,0.0410761960654447,102.5,92,NA,4.23336525250172
25,0,2016-09-03,2016-08-26,8,0.0087823275994192,0.0611209626652782,0.0665979791313636,0.0410761960654447,102.5,92,NA,4.23336525250172
26,1,2016-09-03,2016-08-26,8,0.0401350647696979,0.0241252123575316,0.0502827294484766,0.0261104434772313,107.5,81,NA,3.06100294900812
26,1,2016-09-03,2016-08-26,8,0.0401350647696979,0.0241252123575316,0.0502827294484766,0.0261104434772313,107.5,81,NA,3.06100294900812
26,1,2016-09-03,2016-08-26,8,0.0401350647696979,0.0241252123575316,0.0502827294484766,0.0261104434772313,107.5,81,NA,3.06100294900812
26,0,2016-09-03,2016-08-26,8,0.0401350647696979,0.0241252123575316,0.0502827294484766,0.0261104434772313,107.5,81,NA,3.06100294900812
26,0,2016-09-03,2016-08-26,8,0.0401350647696979,0.0241252123575316,0.0502827294484766,0.0261104434772313,107.5,81,NA,3.06100294900812
27,0,2016-09-05,2016-08-29,7,0.384303602583683,0.0176349298228405,0.0352703478564408,0.0296300602496017,52.5,33,0.000785000000000036,2.45929108688809
27,0,2016-09-05,2016-08-29,7,0.384303602583683,0.0176349298228405,0.0352703478564408,0.0296300602496017,52.5,33,0.000785000000000036,2.45929108688809
27,0,2016-09-05,2016-08-29,7,0.384303602583683,0.0176349298228405,0.0352703478564408,0.0296300602496017,52.5,33,0.000785000000000036,2.45929108688809
27,0,2016-09-05,2016-08-29,7,0.384303602583683,0.0176349298228405,0.0352703478564408,0.0296300602496017,52.5,33,0.000785000000000036,2.45929108688809
27,0,2016-09-05,2016-08-29,7,0.384303602583683,0.0176349298228405,0.0352703478564408,0.0296300602496017,52.5,33,0.000785000000000036,2.45929108688809
28,0,2016-09-05,2016-08-29,7,0.19398876117182,0.0332452344848566,0.0515449609357727,0.0400640228623773,112.5,59,NA,3.5047317938368
28,0,2016-09-05,2016-08-29,7,0.19398876117182,0.0332452344848566,0.0515449609357727,0.0400640228623773,112.5,59,NA,3.5047317938368
28,0,2016-09-05,2016-08-29,7,0.19398876117182,0.0332452344848566,0.0515449609357727,0.0400640228623773,112.5,59,NA,3.5047317938368
28,0,2016-09-05,2016-08-29,7,0.19398876117182,0.0332452344848566,0.0515449609357727,0.0400640228623773,112.5,59,NA,3.5047317938368
28,0,2016-09-05,2016-08-29,7,0.19398876117182,0.0332452344848566,0.0515449609357727,0.0400640228623773,112.5,59,NA,3.5047317938368
29,1,2016-09-05,2016-08-29,7,0.0396207925742935,0.0238839490487259,0.054373938194194,0.0389874742779866,100,77.5,NA,3.60671734170449
29,1,2016-09-05,2016-08-29,7,0.0396207925742935,0.0238839490487259,0.054373938194194,0.0389874742779866,100,77.5,NA,3.60671734170449
29,0,2016-09-05,2016-08-29,7,0.0396207925742935,0.0238839490487259,0.054373938194194,0.0389874742779866,100,77.5,NA,3.60671734170449
29,0,2016-09-05,2016-08-29,7,0.0396207925742935,0.0238839490487259,0.054373938194194,0.0389874742779866,100,77.5,NA,3.60671734170449
29,0,2016-09-05,2016-08-29,7,0.0396207925742935,0.0238839490487259,0.054373938194194,0.0389874742779866,100,77.5,NA,3.60671734170449
30,0,2016-09-05,2016-08-29,7,0.0194576947426477,0.0193056058029741,0.0314782277956079,0.012382960790042,52.5,66,0.00289099999999998,1.80693090207218
30,0,2016-09-05,2016-08-29,7,0.0194576947426477,0.0193056058029741,0.0314782277956079,0.012382960790042,52.5,66,0.00289099999999998,1.80693090207218
30,0,2016-09-05,2016-08-29,7,0.0194576947426477,0.0193056058029741,0.0314782277956079,0.012382960790042,52.5,66,0.00289099999999998,1.80693090207218
30,0,2016-09-05,2016-08-29,7,0.0194576947426477,0.0193056058029741,0.0314782277956079,0.012382960790042,52.5,66,0.00289099999999998,1.80693090207218
30,0,2016-09-05,2016-08-29,7,0.0194576947426477,0.0193056058029741,0.0314782277956079,0.012382960790042,52.5,66,0.00289099999999998,1.80693090207218
31,0,2016-09-05,2016-08-29,7,0.156180822880808,0.0255957712461327,0.0413606690866906,0.0358100070336778,32.5,96,NA,2.91329339654251
31,0,2016-09-05,2016-08-29,7,0.156180822880808,0.0255957712461327,0.0413606690866906,0.0358100070336778,32.5,96,NA,2.91329339654251
31,0,2016-09-05,2016-08-29,7,0.156180822880808,0.0255957712461327,0.0413606690866906,0.0358100070336778,32.5,96,NA,2.91329339654251
31,0,2016-09-05,2016-08-29,7,0.156180822880808,0.0255957712461327,0.0413606690866906,0.0358100070336778,32.5,96,NA,2.91329339654251
31,0,2016-09-05,2016-08-29,7,0.156180822880808,0.0255957712461327,0.0413606690866906,0.0358100070336778,32.5,96,NA,2.91329339654251
32,0,2016-09-05,2016-08-29,7,0.0726681682990633,0.0344174535721586,0.0371299470931297,0.01726054636614,115,73,0.003525,2.20458503767591
32,0,2016-09-05,2016-08-29,7,0.0726681682990633,0.0344174535721586,0.0371299470931297,0.01726054636614,115,73,0.003525,2.20458503767591
32,0,2016-09-05,2016-08-29,7,0.0726681682990633,0.0344174535721586,0.0371299470931297,0.01726054636614,115,73,0.003525,2.20458503767591
32,0,2016-09-05,2016-08-29,7,0.0726681682990633,0.0344174535721586,0.0371299470931297,0.01726054636614,115,73,0.003525,2.20458503767591
32,0,2016-09-05,2016-08-29,7,0.0726681682990633,0.0344174535721586,0.0371299470931297,0.01726054636614,115,73,0.003525,2.20458503767591
33,0,2016-09-05,2016-08-29,7,0.00485340374542487,0.0356308533420501,0.0392301653528075,0.0116782286384041,160,97.5,0.00913399999999998,2.14833524810672
33,0,2016-09-05,2016-08-29,7,0.00485340374542487,0.0356308533420501,0.0392301653528075,0.0116782286384041,160,97.5,0.00913399999999998,2.14833524810672
33,0,2016-09-05,2016-08-29,7,0.00485340374542487,0.0356308533420501,0.0392301653528075,0.0116782286384041,160,97.5,0.00913399999999998,2.14833524810672
33,0,2016-09-05,2016-08-29,7,0.00485340374542487,0.0356308533420501,0.0392301653528075,0.0116782286384041,160,97.5,0.00913399999999998,2.14833524810672
33,0,2016-09-05,2016-08-29,7,0.00485340374542487,0.0356308533420501,0.0392301653528075,0.0116782286384041,160,97.5,0.00913399999999998,2.14833524810672
34,1,2016-09-05,2016-08-29,7,0.0443722204978035,0.0308835817476055,0.0300220337653047,0.0112653219247306,127.5,95.5,0.00989399999999985,1.70831089107632
34,1,2016-09-05,2016-08-29,7,0.0443722204978035,0.0308835817476055,0.0300220337653047,0.0112653219247306,127.5,95.5,0.00989399999999985,1.70831089107632
34,1,2016-09-05,2016-08-29,7,0.0443722204978035,0.0308835817476055,0.0300220337653047,0.0112653219247306,127.5,95.5,0.00989399999999985,1.70831089107632
34,0,2016-09-05,2016-08-29,7,0.0443722204978035,0.0308835817476055,0.0300220337653047,0.0112653219247306,127.5,95.5,0.00989399999999985,1.70831089107632
34,0,2016-09-05,2016-08-29,7,0.0443722204978035,0.0308835817476055,0.0300220337653047,0.0112653219247306,127.5,95.5,0.00989399999999985,1.70831089107632
35,1,2016-09-05,2016-08-29,7,0.00331517363494742,0.0315516653018177,0.0428660861700622,0.0218213979585091,75,68.5,0.000831999999999944,2.59743031420798
35,1,2016-09-05,2016-08-29,7,0.00331517363494742,0.0315516653018177,0.0428660861700622,0.0218213979585091,75,68.5,0.000831999999999944,2.59743031420798
35,0,2016-09-05,2016-08-29,7,0.00331517363494742,0.0315516653018177,0.0428660861700622,0.0218213979585091,75,68.5,0.000831999999999944,2.59743031420798
35,0,2016-09-05,2016-08-29,7,0.00331517363494742,0.0315516653018177,0.0428660861700622,0.0218213979585091,75,68.5,0.000831999999999944,2.59743031420798
35,0,2016-09-05,2016-08-29,7,0.00331517363494742,0.0315516653018177,0.0428660861700622,0.0218213979585091,75,68.5,0.000831999999999944,2.59743031420798
36,1,2016-09-05,2016-08-29,7,0.203335839576694,0.0463258272258955,0.0562276039599709,0.0425574904701638,75,62.5,0.00134600000000007,3.79149935603157
36,1,2016-09-05,2016-08-29,7,0.203335839576694,0.0463258272258955,0.0562276039599709,0.0425574904701638,75,62.5,0.00134600000000007,3.79149935603157
36,1,2016-09-05,2016-08-29,7,0.203335839576694,0.0463258272258955,0.0562276039599709,0.0425574904701638,75,62.5,0.00134600000000007,3.79149935603157
36,1,2016-09-05,2016-08-29,7,0.203335839576694,0.0463258272258955,0.0562276039599709,0.0425574904701638,75,62.5,0.00134600000000007,3.79149935603157
36,0,2016-09-05,2016-08-29,7,0.203335839576694,0.0463258272258955,0.0562276039599709,0.0425574904701638,75,62.5,0.00134600000000007,3.79149935603157
38,0,2016-09-05,2016-08-29,7,0.541058339000977,0.017774710781579,0.0268545744918606,0.0110821283888414,92.5,45,0.000520999999999994,1.55581352620674
38,0,2016-09-05,2016-08-29,7,0.541058339000977,0.017774710781579,0.0268545744918606,0.0110821283888414,92.5,45,0.000520999999999994,1.55581352620674
38,0,2016-09-05,2016-08-29,7,0.541058339000977,0.017774710781579,0.0268545744918606,0.0110821283888414,92.5,45,0.000520999999999994,1.55581352620674
38,0,2016-09-05,2016-08-29,7,0.541058339000977,0.017774710781579,0.0268545744918606,0.0110821283888414,92.5,45,0.000520999999999994,1.55581352620674
38,0,2016-09-05,2016-08-29,7,0.541058339000977,0.017774710781579,0.0268545744918606,0.0110821283888414,92.5,45,0.000520999999999994,1.55581352620674
39,1,2016-09-05,2016-08-29,7,0.0177628506676963,0.0457019299856573,0.0282326450019936,0.0153656525228135,127.5,72,0.00739099999999993,1.73814224919743
39,1,2016-09-05,2016-08-29,7,0.0177628506676963,0.0457019299856573,0.0282326450019936,0.0153656525228135,127.5,72,0.00739099999999993,1.73814224919743
39,0,2016-09-05,2016-08-29,7,0.0177628506676963,0.0457019299856573,0.0282326450019936,0.0153656525228135,127.5,72,0.00739099999999993,1.73814224919743
39,0,2016-09-05,2016-08-29,7,0.0177628506676963,0.0457019299856573,0.0282326450019936,0.0153656525228135,127.5,72,0.00739099999999993,1.73814224919743
39,0,2016-09-05,2016-08-29,7,0.0177628506676963,0.0457019299856573,0.0282326450019936,0.0153656525228135,127.5,72,0.00739099999999993,1.73814224919743
40,1,2016-09-05,2016-08-29,7,0.0273255467533923,0.0244051305361089,0.0263312267433762,0.0102500714731956,142.5,100,0.00233100000000008,1.50849596823843
40,1,2016-09-05,2016-08-29,7,0.0273255467533923,0.0244051305361089,0.0263312267433762,0.0102500714731956,142.5,100,0.00233100000000008,1.50849596823843
40,1,2016-09-05,2016-08-29,7,0.0273255467533923,0.0244051305361089,0.0263312267433762,0.0102500714731956,142.5,100,0.00233100000000008,1.50849596823843
40,1,2016-09-05,2016-08-29,7,0.0273255467533923,0.0244051305361089,0.0263312267433762,0.0102500714731956,142.5,100,0.00233100000000008,1.50849596823843
40,0,2016-09-05,2016-08-29,7,0.0273255467533923,0.0244051305361089,0.0263312267433762,0.0102500714731956,142.5,100,0.00233100000000008,1.50849596823843
41,1,2016-09-05,2016-08-29,7,0.00950088389435842,0.00530919654776441,0,0.0433816370853256,60,41,0.000899999999999901,1.19687930301999
41,1,2016-09-05,2016-08-29,7,0.00950088389435842,0.00530919654776441,0,0.0433816370853256,60,41,0.000899999999999901,1.19687930301999
41,0,2016-09-05,2016-08-29,7,0.00950088389435842,0.00530919654776441,0,0.0433816370853256,60,41,0.000899999999999901,1.19687930301999
41,0,2016-09-05,2016-08-29,7,0.00950088389435842,0.00530919654776441,0,0.0433816370853256,60,41,0.000899999999999901,1.19687930301999
42,0,2016-09-05,2016-08-29,7,0.21927541732356,0.025992141185137,0.0368761456506613,0.0195527544954758,117.5,91.5,0.00176299999999996,2.25601171006871
42,0,2016-09-05,2016-08-29,7,0.21927541732356,0.025992141185137,0.0368761456506613,0.0195527544954758,117.5,91.5,0.00176299999999996,2.25601171006871
42,0,2016-09-05,2016-08-29,7,0.21927541732356,0.025992141185137,0.0368761456506613,0.0195527544954758,117.5,91.5,0.00176299999999996,2.25601171006871
42,0,2016-09-05,2016-08-29,7,0.21927541732356,0.025992141185137,0.0368761456506613,0.0195527544954758,117.5,91.5,0.00176299999999996,2.25601171006871
43,1,2016-09-05,2016-08-29,7,0.189182040054885,0.0287086562628799,0.0366489254606479,0.0262910879824365,150,98,0.00128000000000017,2.43134226449825
43,1,2016-09-05,2016-08-29,7,0.189182040054885,0.0287086562628799,0.0366489254606479,0.0262910879824365,150,98,0.00128000000000017,2.43134226449825
43,0,2016-09-05,2016-08-29,7,0.189182040054885,0.0287086562628799,0.0366489254606479,0.0262910879824365,150,98,0.00128000000000017,2.43134226449825
43,0,2016-09-05,2016-08-29,7,0.189182040054885,0.0287086562628799,0.0366489254606479,0.0262910879824365,150,98,0.00128000000000017,2.43134226449825
43,0,2016-09-05,2016-08-29,7,0.189182040054885,0.0287086562628799,0.0366489254606479,0.0262910879824365,150,98,0.00128000000000017,2.43134226449825
44,0,2016-09-05,2016-08-29,7,0.0712635064764819,0.0490696620991746,0.0447977380965933,0.0342143288361553,82.5,79,0.00286500000000012,3.02926266842109
44,0,2016-09-05,2016-08-29,7,0.0712635064764819,0.0490696620991746,0.0447977380965933,0.0342143288361553,82.5,79,0.00286500000000012,3.02926266842109
44,0,2016-09-05,2016-08-29,7,0.0712635064764819,0.0490696620991746,0.0447977380965933,0.0342143288361553,82.5,79,0.00286500000000012,3.02926266842109
44,0,2016-09-05,2016-08-29,7,0.0712635064764819,0.0490696620991746,0.0447977380965933,0.0342143288361553,82.5,79,0.00286500000000012,3.02926266842109
44,0,2016-09-05,2016-08-29,7,0.0712635064764819,0.0490696620991746,0.0447977380965933,0.0342143288361553,82.5,79,0.00286500000000012,3.02926266842109
45,1,2016-09-05,2016-08-29,7,0.0792766845964944,0.0754083022320643,0.068973267179681,0.0401367504746001,35,49.5,0.000623999999999958,4.31801447507101
45,0,2016-09-05,2016-08-29,7,0.0792766845964944,0.0754083022320643,0.068973267179681,0.0401367504746001,35,49.5,0.000623999999999958,4.31801447507101
45,0,2016-09-05,2016-08-29,7,0.0792766845964944,0.0754083022320643,0.068973267179681,0.0401367504746001,35,49.5,0.000623999999999958,4.31801447507101
45,0,2016-09-05,2016-08-29,7,0.0792766845964944,0.0754083022320643,0.068973267179681,0.0401367504746001,35,49.5,0.000623999999999958,4.31801447507101
46,0,2016-09-05,2016-08-29,7,0.152309005778887,0.0233146504712182,0.0378442447925624,0.023473793452158,122.5,65,0.00413799999999998,2.40925573789209
46,0,2016-09-05,2016-08-29,7,0.152309005778887,0.0233146504712182,0.0378442447925624,0.023473793452158,122.5,65,0.00413799999999998,2.40925573789209
46,0,2016-09-05,2016-08-29,7,0.152309005778887,0.0233146504712182,0.0378442447925624,0.023473793452158,122.5,65,0.00413799999999998,2.40925573789209
46,0,2016-09-05,2016-08-29,7,0.152309005778887,0.0233146504712182,0.0378442447925624,0.023473793452158,122.5,65,0.00413799999999998,2.40925573789209
46,0,2016-09-05,2016-08-29,7,0.152309005778887,0.0233146504712182,0.0378442447925624,0.023473793452158,122.5,65,0.00413799999999998,2.40925573789209
47,0,2016-09-05,2016-08-29,7,0.149398835052409,0.0213616756079592,0.0272578651548682,0.0191050330048859,132.5,104.5,0.00374699999999994,1.79593466829594
47,0,2016-09-05,2016-08-29,7,0.149398835052409,0.0213616756079592,0.0272578651548682,0.0191050330048859,132.5,104.5,0.00374699999999994,1.79593466829594
47,0,2016-09-05,2016-08-29,7,0.149398835052409,0.0213616756079592,0.0272578651548682,0.0191050330048859,132.5,104.5,0.00374699999999994,1.79593466829594
47,0,2016-09-05,2016-08-29,7,0.149398835052409,0.0213616756079592,0.0272578651548682,0.0191050330048859,132.5,104.5,0.00374699999999994,1.79593466829594
47,0,2016-09-05,2016-08-29,7,0.149398835052409,0.0213616756079592,0.0272578651548682,0.0191050330048859,132.5,104.5,0.00374699999999994,1.79593466829594
48,1,2016-09-05,2016-08-29,7,0.00442621606005812,0.0233974575323942,0.0257708979244107,0.0123336686651319,137.5,64.5,0.00437599999999994,1.53989851415933
48,1,2016-09-05,2016-08-29,7,0.00442621606005812,0.0233974575323942,0.0257708979244107,0.0123336686651319,137.5,64.5,0.00437599999999994,1.53989851415933
48,1,2016-09-05,2016-08-29,7,0.00442621606005812,0.0233974575323942,0.0257708979244107,0.0123336686651319,137.5,64.5,0.00437599999999994,1.53989851415933
48,1,2016-09-05,2016-08-29,7,0.00442621606005812,0.0233974575323942,0.0257708979244107,0.0123336686651319,137.5,64.5,0.00437599999999994,1.53989851415933
48,1,2016-09-05,2016-08-29,7,0.00442621606005812,0.0233974575323942,0.0257708979244107,0.0123336686651319,137.5,64.5,0.00437599999999994,1.53989851415933
49,1,2016-09-05,2016-08-29,7,0.0609253444294478,0.0321534083264277,0.0443311271382586,0.0258591532369557,107.5,100,0.00357199999999991,2.77702680560138
49,0,2016-09-05,2016-08-29,7,0.0609253444294478,0.0321534083264277,0.0443311271382586,0.0258591532369557,107.5,100,0.00357199999999991,2.77702680560138
49,0,2016-09-05,2016-08-29,7,0.0609253444294478,0.0321534083264277,0.0443311271382586,0.0258591532369557,107.5,100,0.00357199999999991,2.77702680560138
49,0,2016-09-05,2016-08-29,7,0.0609253444294478,0.0321534083264277,0.0443311271382586,0.0258591532369557,107.5,100,0.00357199999999991,2.77702680560138
49,0,2016-09-05,2016-08-29,7,0.0609253444294478,0.0321534083264277,0.0443311271382586,0.0258591532369557,107.5,100,0.00357199999999991,2.77702680560138
50,0,2016-09-05,2016-08-29,7,0.160943632926924,0.048061396507206,0.059971836865998,0.0441347728496966,75,54.5,0.00437899999999991,4.00930741948652
50,0,2016-09-05,2016-08-29,7,0.160943632926924,0.048061396507206,0.059971836865998,0.0441347728496966,75,54.5,0.00437899999999991,4.00930741948652
50,0,2016-09-05,2016-08-29,7,0.160943632926924,0.048061396507206,0.059971836865998,0.0441347728496966,75,54.5,0.00437899999999991,4.00930741948652
50,0,2016-09-05,2016-08-29,7,0.160943632926924,0.048061396507206,0.059971836865998,0.0441347728496966,75,54.5,0.00437899999999991,4.00930741948652
50,0,2016-09-05,2016-08-29,7,0.160943632926924,0.048061396507206,0.059971836865998,0.0441347728496966,75,54.5,0.00437899999999991,4.00930741948652
51,1,2016-09-05,2016-08-29,7,0.107350494724091,0.018573344787997,0.0312446116901698,0.014548846093225,87.5,71.5,0.00330699999999995,1.85581200024081
51,1,2016-09-05,2016-08-29,7,0.107350494724091,0.018573344787997,0.0312446116901698,0.014548846093225,87.5,71.5,0.00330699999999995,1.85581200024081
51,1,2016-09-05,2016-08-29,7,0.107350494724091,0.018573344787997,0.0312446116901698,0.014548846093225,87.5,71.5,0.00330699999999995,1.85581200024081
51,1,2016-09-05,2016-08-29,7,0.107350494724091,0.018573344787997,0.0312446116901698,0.014548846093225,87.5,71.5,0.00330699999999995,1.85581200024081
51,0,2016-09-05,2016-08-29,7,0.107350494724091,0.018573344787997,0.0312446116901698,0.014548846093225,87.5,71.5,0.00330699999999995,1.85581200024081
53,1,2016-09-06,2016-08-30,7,0.116052603656586,0.0251712136917189,0.0221580530416997,0.00934967073353006,102.5,92.5,NA,1.28939584505645
53,0,2016-09-06,2016-08-30,7,0.116052603656586,0.0251712136917189,0.0221580530416997,0.00934967073353006,102.5,92.5,NA,1.28939584505645
53,0,2016-09-06,2016-08-30,7,0.116052603656586,0.0251712136917189,0.0221580530416997,0.00934967073353006,102.5,92.5,NA,1.28939584505645
53,0,2016-09-06,2016-08-30,7,0.116052603656586,0.0251712136917189,0.0221580530416997,0.00934967073353006,102.5,92.5,NA,1.28939584505645
53,0,2016-09-06,2016-08-30,7,0.116052603656586,0.0251712136917189,0.0221580530416997,0.00934967073353006,102.5,92.5,NA,1.28939584505645
54,0,2016-09-06,2016-08-30,7,0.0734662024492494,0.0332709142587629,0.0381826449089928,0.0168488828348651,115,37.5,0.00244699999999987,2.2422298202193
54,0,2016-09-06,2016-08-30,7,0.0734662024492494,0.0332709142587629,0.0381826449089928,0.0168488828348651,115,37.5,0.00244699999999987,2.2422298202193
54,0,2016-09-06,2016-08-30,7,0.0734662024492494,0.0332709142587629,0.0381826449089928,0.0168488828348651,115,37.5,0.00244699999999987,2.2422298202193
54,0,2016-09-06,2016-08-30,7,0.0734662024492494,0.0332709142587629,0.0381826449089928,0.0168488828348651,115,37.5,0.00244699999999987,2.2422298202193
54,0,2016-09-06,2016-08-30,7,0.0734662024492494,0.0332709142587629,0.0381826449089928,0.0168488828348651,115,37.5,0.00244699999999987,2.2422298202193
55,0,2016-09-06,2016-08-30,7,0.212560340783893,0.0359296615164405,0.0414940678291775,0.013108419169468,175,95,NA,2.29317671040928
55,0,2016-09-06,2016-08-30,7,0.212560340783893,0.0359296615164405,0.0414940678291775,0.013108419169468,175,95,NA,2.29317671040928
55,0,2016-09-06,2016-08-30,7,0.212560340783893,0.0359296615164405,0.0414940678291775,0.013108419169468,175,95,NA,2.29317671040928
55,0,2016-09-06,2016-08-30,7,0.212560340783893,0.0359296615164405,0.0414940678291775,0.013108419169468,175,95,NA,2.29317671040928
55,0,2016-09-06,2016-08-30,7,0.212560340783893,0.0359296615164405,0.0414940678291775,0.013108419169468,175,95,NA,2.29317671040928
56,1,2016-09-06,2016-08-30,7,0.0363607682347516,0.0263326143943969,0.0307130327596804,0.0169110664388679,82.5,79,0.00145000000000017,1.89623991845357
56,1,2016-09-06,2016-08-30,7,0.0363607682347516,0.0263326143943969,0.0307130327596804,0.0169110664388679,82.5,79,0.00145000000000017,1.89623991845357
56,1,2016-09-06,2016-08-30,7,0.0363607682347516,0.0263326143943969,0.0307130327596804,0.0169110664388679,82.5,79,0.00145000000000017,1.89623991845357
56,1,2016-09-06,2016-08-30,7,0.0363607682347516,0.0263326143943969,0.0307130327596804,0.0169110664388679,82.5,79,0.00145000000000017,1.89623991845357
56,1,2016-09-06,2016-08-30,7,0.0363607682347516,0.0263326143943969,0.0307130327596804,0.0169110664388679,82.5,79,0.00145000000000017,1.89623991845357
57,0,2016-09-06,2016-08-30,7,0.00630714311668865,0.0553912851914733,0.0209732996770103,0.0135125136745528,125,71,0.0107709999999999,1.34909726879913
57,0,2016-09-06,2016-08-30,7,0.00630714311668865,0.0553912851914733,0.0209732996770103,0.0135125136745528,125,71,0.0107709999999999,1.34909726879913
57,0,2016-09-06,2016-08-30,7,0.00630714311668865,0.0553912851914733,0.0209732996770103,0.0135125136745528,125,71,0.0107709999999999,1.34909726879913
57,0,2016-09-06,2016-08-30,7,0.00630714311668865,0.0553912851914733,0.0209732996770103,0.0135125136745528,125,71,0.0107709999999999,1.34909726879913
59,0,2016-09-06,2016-08-30,7,0.0219523089205299,0.0350121138207974,0.0565466907467576,0.0462220512400089,60,26.5,NA,3.90745617225621
59,0,2016-09-06,2016-08-30,7,0.0219523089205299,0.0350121138207974,0.0565466907467576,0.0462220512400089,60,26.5,NA,3.90745617225621
59,0,2016-09-06,2016-08-30,7,0.0219523089205299,0.0350121138207974,0.0565466907467576,0.0462220512400089,60,26.5,NA,3.90745617225621
59,0,2016-09-06,2016-08-30,7,0.0219523089205299,0.0350121138207974,0.0565466907467576,0.0462220512400089,60,26.5,NA,3.90745617225621
59,0,2016-09-06,2016-08-30,7,0.0219523089205299,0.0350121138207974,0.0565466907467576,0.0462220512400089,60,26.5,NA,3.90745617225621
60,1,2016-09-06,2016-08-30,7,0.0307363527029158,0.0143077675295724,0.0397030223876285,0.0250752708747167,92.5,78,0.00063000000000013,2.53996463030338
60,1,2016-09-06,2016-08-30,7,0.0307363527029158,0.0143077675295724,0.0397030223876285,0.0250752708747167,92.5,78,0.00063000000000013,2.53996463030338
60,1,2016-09-06,2016-08-30,7,0.0307363527029158,0.0143077675295724,0.0397030223876285,0.0250752708747167,92.5,78,0.00063000000000013,2.53996463030338
60,1,2016-09-06,2016-08-30,7,0.0307363527029158,0.0143077675295724,0.0397030223876285,0.0250752708747167,92.5,78,0.00063000000000013,2.53996463030338
60,0,2016-09-06,2016-08-30,7,0.0307363527029158,0.0143077675295724,0.0397030223876285,0.0250752708747167,92.5,78,0.00063000000000013,2.53996463030338
62,0,2016-09-10,2016-09-03,7,0.0873483994113142,0.0490169327495406,0.034095294635778,0.0216174635304714,97.5,NA,NA,2.18352929689833
62,0,2016-09-10,2016-09-03,7,0.0873483994113142,0.0490169327495406,0.034095294635778,0.0216174635304714,97.5,NA,NA,2.18352929689833
62,0,2016-09-10,2016-09-03,7,0.0873483994113142,0.0490169327495406,0.034095294635778,0.0216174635304714,97.5,NA,NA,2.18352929689833
62,0,2016-09-10,2016-09-03,7,0.0873483994113142,0.0490169327495406,0.034095294635778,0.0216174635304714,97.5,NA,NA,2.18352929689833
62,0,2016-09-10,2016-09-03,7,0.0873483994113142,0.0490169327495406,0.034095294635778,0.0216174635304714,97.5,NA,NA,2.18352929689833
63,0,2016-09-10,2016-09-03,7,0.00778117833568443,0.0222185455500932,0.029545109228495,0.0174670034608925,92.5,44,0.00149099999999991,1.85721189374688
63,0,2016-09-10,2016-09-03,7,0.00778117833568443,0.0222185455500932,0.029545109228495,0.0174670034608925,92.5,44,0.00149099999999991,1.85721189374688
63,0,2016-09-10,2016-09-03,7,0.00778117833568443,0.0222185455500932,0.029545109228495,0.0174670034608925,92.5,44,0.00149099999999991,1.85721189374688
63,0,2016-09-10,2016-09-03,7,0.00778117833568443,0.0222185455500932,0.029545109228495,0.0174670034608925,92.5,44,0.00149099999999991,1.85721189374688
64,1,2016-09-10,2016-09-03,7,0.0132765212338878,0.0214254854049404,0.0346056877635918,0.0193102351867899,77.5,64.5,0.00715899999999992,2.14363239744517
64,1,2016-09-10,2016-09-03,7,0.0132765212338878,0.0214254854049404,0.0346056877635918,0.0193102351867899,77.5,64.5,0.00715899999999992,2.14363239744517
64,1,2016-09-10,2016-09-03,7,0.0132765212338878,0.0214254854049404,0.0346056877635918,0.0193102351867899,77.5,64.5,0.00715899999999992,2.14363239744517
64,1,2016-09-10,2016-09-03,7,0.0132765212338878,0.0214254854049404,0.0346056877635918,0.0193102351867899,77.5,64.5,0.00715899999999992,2.14363239744517
64,1,2016-09-10,2016-09-03,7,0.0132765212338878,0.0214254854049404,0.0346056877635918,0.0193102351867899,77.5,64.5,0.00715899999999992,2.14363239744517
65,1,2016-09-10,2016-09-03,7,0.00085864390146994,0.0335124244173835,0.0251755597958672,0.0126108055354585,162.5,80,0.00476799999999988,1.51983199503252
65,1,2016-09-10,2016-09-03,7,0.00085864390146994,0.0335124244173835,0.0251755597958672,0.0126108055354585,162.5,80,0.00476799999999988,1.51983199503252
65,1,2016-09-10,2016-09-03,7,0.00085864390146994,0.0335124244173835,0.0251755597958672,0.0126108055354585,162.5,80,0.00476799999999988,1.51983199503252
65,1,2016-09-10,2016-09-03,7,0.00085864390146994,0.0335124244173835,0.0251755597958672,0.0126108055354585,162.5,80,0.00476799999999988,1.51983199503252
65,0,2016-09-10,2016-09-03,7,0.00085864390146994,0.0335124244173835,0.0251755597958672,0.0126108055354585,162.5,80,0.00476799999999988,1.51983199503252
66,1,2016-09-10,2016-09-03,7,0.464065633186023,0.0302450009232208,0.031864448005362,0.0177635515226468,112.5,61.5,NA,1.97335720785763
66,0,2016-09-10,2016-09-03,7,0.464065633186023,0.0302450009232208,0.031864448005362,0.0177635515226468,112.5,61.5,NA,1.97335720785763
66,0,2016-09-10,2016-09-03,7,0.464065633186023,0.0302450009232208,0.031864448005362,0.0177635515226468,112.5,61.5,NA,1.97335720785763
66,0,2016-09-10,2016-09-03,7,0.464065633186023,0.0302450009232208,0.031864448005362,0.0177635515226468,112.5,61.5,NA,1.97335720785763
66,0,2016-09-10,2016-09-03,7,0.464065633186023,0.0302450009232208,0.031864448005362,0.0177635515226468,112.5,61.5,NA,1.97335720785763
68,0,2016-09-10,2016-09-03,7,0.132706080771424,0.023541812454316,0.0358381868759285,0.0222452251850026,110,82,0.00262399999999996,2.28197943478276
68,0,2016-09-10,2016-09-03,7,0.132706080771424,0.023541812454316,0.0358381868759285,0.0222452251850026,110,82,0.00262399999999996,2.28197943478276
68,0,2016-09-10,2016-09-03,7,0.132706080771424,0.023541812454316,0.0358381868759285,0.0222452251850026,110,82,0.00262399999999996,2.28197943478276
68,0,2016-09-10,2016-09-03,7,0.132706080771424,0.023541812454316,0.0358381868759285,0.0222452251850026,110,82,0.00262399999999996,2.28197943478276
68,0,2016-09-10,2016-09-03,7,0.132706080771424,0.023541812454316,0.0358381868759285,0.0222452251850026,110,82,0.00262399999999996,2.28197943478276
69,1,2016-09-10,2016-09-03,7,0.0214242072642598,0.0683838911609427,0.0384446715154009,0.0170734400566195,97.5,NA,NA,2.26062241580613
69,0,2016-09-10,2016-09-03,7,0.0214242072642598,0.0683838911609427,0.0384446715154009,0.0170734400566195,97.5,NA,NA,2.26062241580613
69,0,2016-09-10,2016-09-03,7,0.0214242072642598,0.0683838911609427,0.0384446715154009,0.0170734400566195,97.5,NA,NA,2.26062241580613
69,0,2016-09-10,2016-09-03,7,0.0214242072642598,0.0683838911609427,0.0384446715154009,0.0170734400566195,97.5,NA,NA,2.26062241580613
69,0,2016-09-10,2016-09-03,7,0.0214242072642598,0.0683838911609427,0.0384446715154009,0.0170734400566195,97.5,NA,NA,2.26062241580613
70,0,2016-09-10,2016-09-03,7,0.0237743588118746,0.0381891309776911,0.0223066256317524,0.0117905813507302,NA,NA,NA,1.36365539612439
70,0,2016-09-10,2016-09-03,7,0.0237743588118746,0.0381891309776911,0.0223066256317524,0.0117905813507302,NA,NA,NA,1.36365539612439
70,0,2016-09-10,2016-09-03,7,0.0237743588118746,0.0381891309776911,0.0223066256317524,0.0117905813507302,NA,NA,NA,1.36365539612439
70,0,2016-09-10,2016-09-03,7,0.0237743588118746,0.0381891309776911,0.0223066256317524,0.0117905813507302,NA,NA,NA,1.36365539612439
70,0,2016-09-10,2016-09-03,7,0.0237743588118746,0.0381891309776911,0.0223066256317524,0.0117905813507302,NA,NA,NA,1.36365539612439
71,0,2016-09-10,2016-09-03,7,1.03665211221659,0.0329841346513348,0.0528140103851684,0.0220162364680981,100,48,0.00274599999999992,3.06587512919727
71,0,2016-09-10,2016-09-03,7,1.03665211221659,0.0329841346513348,0.0528140103851684,0.0220162364680981,100,48,0.00274599999999992,3.06587512919727
71,0,2016-09-10,2016-09-03,7,1.03665211221659,0.0329841346513348,0.0528140103851684,0.0220162364680981,100,48,0.00274599999999992,3.06587512919727
71,0,2016-09-10,2016-09-03,7,1.03665211221659,0.0329841346513348,0.0528140103851684,0.0220162364680981,100,48,0.00274599999999992,3.06587512919727
71,0,2016-09-10,2016-09-03,7,1.03665211221659,0.0329841346513348,0.0528140103851684,0.0220162364680981,100,48,0.00274599999999992,3.06587512919727
72,0,2016-09-10,2016-09-03,7,0,0.0888962358671841,0.0420603139022929,0.0276931629881739,162.5,78.5,0.00487000000000015,2.72192142808165
72,0,2016-09-10,2016-09-03,7,0,0.0888962358671841,0.0420603139022929,0.0276931629881739,162.5,78.5,0.00487000000000015,2.72192142808165
72,0,2016-09-10,2016-09-03,7,0,0.0888962358671841,0.0420603139022929,0.0276931629881739,162.5,78.5,0.00487000000000015,2.72192142808165
72,0,2016-09-10,2016-09-03,7,0,0.0888962358671841,0.0420603139022929,0.0276931629881739,162.5,78.5,0.00487000000000015,2.72192142808165
72,0,2016-09-10,2016-09-03,7,0,0.0888962358671841,0.0420603139022929,0.0276931629881739,162.5,78.5,0.00487000000000015,2.72192142808165
73,1,2016-09-10,2016-09-03,7,0.116618874034134,0.0445387334391162,0.0965601510463661,0.0451273410348626,95,29.5,0.00368999999999997,5.73985380831685
73,0,2016-09-10,2016-09-03,7,0.116618874034134,0.0445387334391162,0.0965601510463661,0.0451273410348626,95,29.5,0.00368999999999997,5.73985380831685
73,0,2016-09-10,2016-09-03,7,0.116618874034134,0.0445387334391162,0.0965601510463661,0.0451273410348626,95,29.5,0.00368999999999997,5.73985380831685
73,0,2016-09-10,2016-09-03,7,0.116618874034134,0.0445387334391162,0.0965601510463661,0.0451273410348626,95,29.5,0.00368999999999997,5.73985380831685
73,0,2016-09-10,2016-09-03,7,0.116618874034134,0.0445387334391162,0.0965601510463661,0.0451273410348626,95,29.5,0.00368999999999997,5.73985380831685
74,1,2016-09-10,2016-09-03,7,0.13782099721321,0.0236456581911028,0.0206340501689355,0.0105376617342833,122.5,73.5,0.00754900000000003,1.2512306388129
74,1,2016-09-10,2016-09-03,7,0.13782099721321,0.0236456581911028,0.0206340501689355,0.0105376617342833,122.5,73.5,0.00754900000000003,1.2512306388129
74,1,2016-09-10,2016-09-03,7,0.13782099721321,0.0236456581911028,0.0206340501689355,0.0105376617342833,122.5,73.5,0.00754900000000003,1.2512306388129
74,1,2016-09-10,2016-09-03,7,0.13782099721321,0.0236456581911028,0.0206340501689355,0.0105376617342833,122.5,73.5,0.00754900000000003,1.2512306388129
74,1,2016-09-10,2016-09-03,7,0.13782099721321,0.0236456581911028,0.0206340501689355,0.0105376617342833,122.5,73.5,0.00754900000000003,1.2512306388129
75,1,2016-09-10,2016-09-03,7,0.145407846355479,0.0172711415020212,0.0245972789806986,0.0123870096446248,82.5,101,NA,1.48673897939522
75,0,2016-09-10,2016-09-03,7,0.145407846355479,0.0172711415020212,0.0245972789806986,0.0123870096446248,82.5,101,NA,1.48673897939522
75,0,2016-09-10,2016-09-03,7,0.145407846355479,0.0172711415020212,0.0245972789806986,0.0123870096446248,82.5,101,NA,1.48673897939522
75,0,2016-09-10,2016-09-03,7,0.145407846355479,0.0172711415020212,0.0245972789806986,0.0123870096446248,82.5,101,NA,1.48673897939522
75,0,2016-09-10,2016-09-03,7,0.145407846355479,0.0172711415020212,0.0245972789806986,0.0123870096446248,82.5,101,NA,1.48673897939522
78,1,2016-09-10,2016-09-03,7,0.0419011742822667,0.0472952672798785,0.0294239866706039,0.014440560143569,120,43.5,0.00480799999999992,1.76807554718478
78,1,2016-09-10,2016-09-03,7,0.0419011742822667,0.0472952672798785,0.0294239866706039,0.014440560143569,120,43.5,0.00480799999999992,1.76807554718478
78,1,2016-09-10,2016-09-03,7,0.0419011742822667,0.0472952672798785,0.0294239866706039,0.014440560143569,120,43.5,0.00480799999999992,1.76807554718478
78,0,2016-09-10,2016-09-03,7,0.0419011742822667,0.0472952672798785,0.0294239866706039,0.014440560143569,120,43.5,0.00480799999999992,1.76807554718478
78,0,2016-09-10,2016-09-03,7,0.0419011742822667,0.0472952672798785,0.0294239866706039,0.014440560143569,120,43.5,0.00480799999999992,1.76807554718478
79,1,2016-09-10,2016-09-03,7,0.00102951707512164,0.0332773073808206,0.0333585165283091,0.0161757507555868,72.5,65,NA,1.99909842332277
79,0,2016-09-10,2016-09-03,7,0.00102951707512164,0.0332773073808206,0.0333585165283091,0.0161757507555868,72.5,65,NA,1.99909842332277
79,0,2016-09-10,2016-09-03,7,0.00102951707512164,0.0332773073808206,0.0333585165283091,0.0161757507555868,72.5,65,NA,1.99909842332277
79,0,2016-09-10,2016-09-03,7,0.00102951707512164,0.0332773073808206,0.0333585165283091,0.0161757507555868,72.5,65,NA,1.99909842332277
79,0,2016-09-10,2016-09-03,7,0.00102951707512164,0.0332773073808206,0.0333585165283091,0.0161757507555868,72.5,65,NA,1.99909842332277
81,0,2016-09-11,2016-09-04,7,0.00533990929917442,0.0699680507123815,0.0244967320632532,0.0164495303882372,140,115,NA,1.59414165509398
81,0,2016-09-11,2016-09-04,7,0.00533990929917442,0.0699680507123815,0.0244967320632532,0.0164495303882372,140,115,NA,1.59414165509398
81,0,2016-09-11,2016-09-04,7,0.00533990929917442,0.0699680507123815,0.0244967320632532,0.0164495303882372,140,115,NA,1.59414165509398
81,0,2016-09-11,2016-09-04,7,0.00533990929917442,0.0699680507123815,0.0244967320632532,0.0164495303882372,140,115,NA,1.59414165509398
81,0,2016-09-11,2016-09-04,7,0.00533990929917442,0.0699680507123815,0.0244967320632532,0.0164495303882372,140,115,NA,1.59414165509398
82,0,2016-09-11,2016-09-04,7,0,0.0111705894601958,0,0.00960176845993317,122.5,76.5,NA,0.264908350956895
82,0,2016-09-11,2016-09-04,7,0,0.0111705894601958,0,0.00960176845993317,122.5,76.5,NA,0.264908350956895
82,0,2016-09-11,2016-09-04,7,0,0.0111705894601958,0,0.00960176845993317,122.5,76.5,NA,0.264908350956895
82,0,2016-09-11,2016-09-04,7,0,0.0111705894601958,0,0.00960176845993317,122.5,76.5,NA,0.264908350956895
82,0,2016-09-11,2016-09-04,7,0,0.0111705894601958,0,0.00960176845993317,122.5,76.5,NA,0.264908350956895
83,0,2016-09-11,2016-09-04,7,0,0.0832663819540712,0.0552041211026951,0.0164579358960258,107.5,115.5,0.00276100000000001,3.02378226454639
83,0,2016-09-11,2016-09-04,7,0,0.0832663819540712,0.0552041211026951,0.0164579358960258,107.5,115.5,0.00276100000000001,3.02378226454639
83,0,2016-09-11,2016-09-04,7,0,0.0832663819540712,0.0552041211026951,0.0164579358960258,107.5,115.5,0.00276100000000001,3.02378226454639
83,0,2016-09-11,2016-09-04,7,0,0.0832663819540712,0.0552041211026951,0.0164579358960258,107.5,115.5,0.00276100000000001,3.02378226454639
83,0,2016-09-11,2016-09-04,7,0,0.0832663819540712,0.0552041211026951,0.0164579358960258,107.5,115.5,0.00276100000000001,3.02378226454639
84,0,2016-09-11,2016-09-04,7,0.00643664908911874,0.0617311774677255,0.0362532369287459,0.0120924156565426,142.5,104.5,NA,2.02118842179787
84,0,2016-09-11,2016-09-04,7,0.00643664908911874,0.0617311774677255,0.0362532369287459,0.0120924156565426,142.5,104.5,NA,2.02118842179787
84,0,2016-09-11,2016-09-04,7,0.00643664908911874,0.0617311774677255,0.0362532369287459,0.0120924156565426,142.5,104.5,NA,2.02118842179787
84,0,2016-09-11,2016-09-04,7,0.00643664908911874,0.0617311774677255,0.0362532369287459,0.0120924156565426,142.5,104.5,NA,2.02118842179787
88,0,2016-09-11,2016-09-04,7,0.157021245791261,0.153678715557736,0.0654206759468214,0.0308453541275258,72.5,102,0.00446799999999992,3.89629836853749
88,0,2016-09-11,2016-09-04,7,0.157021245791261,0.153678715557736,0.0654206759468214,0.0308453541275258,72.5,102,0.00446799999999992,3.89629836853749
88,0,2016-09-11,2016-09-04,7,0.157021245791261,0.153678715557736,0.0654206759468214,0.0308453541275258,72.5,102,0.00446799999999992,3.89629836853749
88,0,2016-09-11,2016-09-04,7,0.157021245791261,0.153678715557736,0.0654206759468214,0.0308453541275258,72.5,102,0.00446799999999992,3.89629836853749
88,0,2016-09-11,2016-09-04,7,0.157021245791261,0.153678715557736,0.0654206759468214,0.0308453541275258,72.5,102,0.00446799999999992,3.89629836853749
89,1,2016-09-11,2016-09-04,7,0.159182246671126,0.0559686524359303,0.0176508767217415,0.00904708309799531,77.5,82,0.00192099999999984,1.0712415073518
89,0,2016-09-11,2016-09-04,7,0.159182246671126,0.0559686524359303,0.0176508767217415,0.00904708309799531,77.5,82,0.00192099999999984,1.0712415073518
89,0,2016-09-11,2016-09-04,7,0.159182246671126,0.0559686524359303,0.0176508767217415,0.00904708309799531,77.5,82,0.00192099999999984,1.0712415073518
89,0,2016-09-11,2016-09-04,7,0.159182246671126,0.0559686524359303,0.0176508767217415,0.00904708309799531,77.5,82,0.00192099999999984,1.0712415073518
89,0,2016-09-11,2016-09-04,7,0.159182246671126,0.0559686524359303,0.0176508767217415,0.00904708309799531,77.5,82,0.00192099999999984,1.0712415073518
90,0,2016-09-11,2016-09-04,7,0.00486280093594816,0.122605392433919,0.0676469036326307,0.0314607325741004,67.5,100,0.00354699999999997,4.01690580563199
90,0,2016-09-11,2016-09-04,7,0.00486280093594816,0.122605392433919,0.0676469036326307,0.0314607325741004,67.5,100,0.00354699999999997,4.01690580563199
90,0,2016-09-11,2016-09-04,7,0.00486280093594816,0.122605392433919,0.0676469036326307,0.0314607325741004,67.5,100,0.00354699999999997,4.01690580563199
90,0,2016-09-11,2016-09-04,7,0.00486280093594816,0.122605392433919,0.0676469036326307,0.0314607325741004,67.5,100,0.00354699999999997,4.01690580563199
90,0,2016-09-11,2016-09-04,7,0.00486280093594816,0.122605392433919,0.0676469036326307,0.0314607325741004,67.5,100,0.00354699999999997,4.01690580563199
91,0,2016-09-11,2016-09-04,7,0.00779484617009237,0.0257943977003077,0.029394406889246,0.00869842448043009,105,NA,NA,1.60827576068574
91,0,2016-09-11,2016-09-04,7,0.00779484617009237,0.0257943977003077,0.029394406889246,0.00869842448043009,105,NA,NA,1.60827576068574
91,0,2016-09-11,2016-09-04,7,0.00779484617009237,0.0257943977003077,0.029394406889246,0.00869842448043009,105,NA,NA,1.60827576068574
91,0,2016-09-11,2016-09-04,7,0.00779484617009237,0.0257943977003077,0.029394406889246,0.00869842448043009,105,NA,NA,1.60827576068574
92,0,2016-09-12,2016-09-05,7,0.000826521323927409,0.0760139016043466,0.0122451730641575,0.0173230067278179,122.5,102,NA,1.04793847296249
92,0,2016-09-12,2016-09-05,7,0.000826521323927409,0.0760139016043466,0.0122451730641575,0.0173230067278179,122.5,102,NA,1.04793847296249
92,0,2016-09-12,2016-09-05,7,0.000826521323927409,0.0760139016043466,0.0122451730641575,0.0173230067278179,122.5,102,NA,1.04793847296249
92,0,2016-09-12,2016-09-05,7,0.000826521323927409,0.0760139016043466,0.0122451730641575,0.0173230067278179,122.5,102,NA,1.04793847296249
92,0,2016-09-12,2016-09-05,7,0.000826521323927409,0.0760139016043466,0.0122451730641575,0.0173230067278179,122.5,102,NA,1.04793847296249
96,1,2016-09-12,2016-09-05,7,0.00168121521056808,0.035010281339316,0.0318570214586704,0.0120672373907179,145,NA,NA,1.81585283467362
96,1,2016-09-12,2016-09-05,7,0.00168121521056808,0.035010281339316,0.0318570214586704,0.0120672373907179,145,NA,NA,1.81585283467362
96,0,2016-09-12,2016-09-05,7,0.00168121521056808,0.035010281339316,0.0318570214586704,0.0120672373907179,145,NA,NA,1.81585283467362
96,0,2016-09-12,2016-09-05,7,0.00168121521056808,0.035010281339316,0.0318570214586704,0.0120672373907179,145,NA,NA,1.81585283467362
96,0,2016-09-12,2016-09-05,7,0.00168121521056808,0.035010281339316,0.0318570214586704,0.0120672373907179,145,NA,NA,1.81585283467362
97,1,2016-09-12,2016-09-05,7,0.0368878983280667,0.0530652699674355,0.0402617726468873,0.0247106491009612,152.5,97.5,NA,2.5559143402246
97,0,2016-09-12,2016-09-05,7,0.0368878983280667,0.0530652699674355,0.0402617726468873,0.0247106491009612,152.5,97.5,NA,2.5559143402246
97,0,2016-09-12,2016-09-05,7,0.0368878983280667,0.0530652699674355,0.0402617726468873,0.0247106491009612,152.5,97.5,NA,2.5559143402246
97,0,2016-09-12,2016-09-05,7,0.0368878983280667,0.0530652699674355,0.0402617726468873,0.0247106491009612,152.5,97.5,NA,2.5559143402246
97,0,2016-09-12,2016-09-05,7,0.0368878983280667,0.0530652699674355,0.0402617726468873,0.0247106491009612,152.5,97.5,NA,2.5559143402246
98,1,2016-09-12,2016-09-05,7,0,0.0500907635150763,0.0374218872545038,0.0306217852757135,132.5,90,0.00383400000000012,2.58680506151972
98,0,2016-09-12,2016-09-05,7,0,0.0500907635150763,0.0374218872545038,0.0306217852757135,132.5,90,0.00383400000000012,2.58680506151972
98,0,2016-09-12,2016-09-05,7,0,0.0500907635150763,0.0374218872545038,0.0306217852757135,132.5,90,0.00383400000000012,2.58680506151972
98,0,2016-09-12,2016-09-05,7,0,0.0500907635150763,0.0374218872545038,0.0306217852757135,132.5,90,0.00383400000000012,2.58680506151972
98,0,2016-09-12,2016-09-05,7,0,0.0500907635150763,0.0374218872545038,0.0306217852757135,132.5,90,0.00383400000000012,2.58680506151972
99,1,2016-09-12,2016-09-05,7,0,0.0582015021682762,0.0301789108927919,0.0144259372672192,170,112,NA,1.80281333338888
99,1,2016-09-12,2016-09-05,7,0,0.0582015021682762,0.0301789108927919,0.0144259372672192,170,112,NA,1.80281333338888
99,0,2016-09-12,2016-09-05,7,0,0.0582015021682762,0.0301789108927919,0.0144259372672192,170,112,NA,1.80281333338888
99,0,2016-09-12,2016-09-05,7,0,0.0582015021682762,0.0301789108927919,0.0144259372672192,170,112,NA,1.80281333338888
100,0,2016-09-12,2016-09-05,7,0.0150343833516964,0.0488548301808536,0.0506459299529359,0.0151924878959252,175,83,NA,2.77668834803159
100,0,2016-09-12,2016-09-05,7,0.0150343833516964,0.0488548301808536,0.0506459299529359,0.0151924878959252,175,83,NA,2.77668834803159
100,0,2016-09-12,2016-09-05,7,0.0150343833516964,0.0488548301808536,0.0506459299529359,0.0151924878959252,175,83,NA,2.77668834803159
100,0,2016-09-12,2016-09-05,7,0.0150343833516964,0.0488548301808536,0.0506459299529359,0.0151924878959252,175,83,NA,2.77668834803159
100,0,2016-09-12,2016-09-05,7,0.0150343833516964,0.0488548301808536,0.0506459299529359,0.0151924878959252,175,83,NA,2.77668834803159
102,1,2016-09-12,2016-09-05,7,0.462440355053035,0.0644897207615571,0.0930260035426297,0.0538145795141923,85,38.5,NA,5.81501846488546
102,0,2016-09-12,2016-09-05,7,0.462440355053035,0.0644897207615571,0.0930260035426297,0.0538145795141923,85,38.5,NA,5.81501846488546
102,0,2016-09-12,2016-09-05,7,0.462440355053035,0.0644897207615571,0.0930260035426297,0.0538145795141923,85,38.5,NA,5.81501846488546
102,0,2016-09-12,2016-09-05,7,0.462440355053035,0.0644897207615571,0.0930260035426297,0.0538145795141923,85,38.5,NA,5.81501846488546
102,0,2016-09-12,2016-09-05,7,0.462440355053035,0.0644897207615571,0.0930260035426297,0.0538145795141923,85,38.5,NA,5.81501846488546
103,0,2016-09-12,2016-09-05,7,0.266906259001937,0.0926275633362324,0.0683946844598139,0.0309632753641159,97.5,92.5,0.00170800000000004,4.037989895558
103,0,2016-09-12,2016-09-05,7,0.266906259001937,0.0926275633362324,0.0683946844598139,0.0309632753641159,97.5,92.5,0.00170800000000004,4.037989895558
103,0,2016-09-12,2016-09-05,7,0.266906259001937,0.0926275633362324,0.0683946844598139,0.0309632753641159,97.5,92.5,0.00170800000000004,4.037989895558
103,0,2016-09-12,2016-09-05,7,0.266906259001937,0.0926275633362324,0.0683946844598139,0.0309632753641159,97.5,92.5,0.00170800000000004,4.037989895558
103,0,2016-09-12,2016-09-05,7,0.266906259001937,0.0926275633362324,0.0683946844598139,0.0309632753641159,97.5,92.5,0.00170800000000004,4.037989895558
104,0,2016-09-12,2016-09-05,7,0.00217917549057789,0.0605152191801207,0.0408062906670948,0.0146954021368247,170,84.5,NA,2.30494526325194
104,0,2016-09-12,2016-09-05,7,0.00217917549057789,0.0605152191801207,0.0408062906670948,0.0146954021368247,170,84.5,NA,2.30494526325194
104,0,2016-09-12,2016-09-05,7,0.00217917549057789,0.0605152191801207,0.0408062906670948,0.0146954021368247,170,84.5,NA,2.30494526325194
104,0,2016-09-12,2016-09-05,7,0.00217917549057789,0.0605152191801207,0.0408062906670948,0.0146954021368247,170,84.5,NA,2.30494526325194
104,0,2016-09-12,2016-09-05,7,0.00217917549057789,0.0605152191801207,0.0408062906670948,0.0146954021368247,170,84.5,NA,2.30494526325194
105,0,2016-09-13,2016-09-06,7,0.0789628111071455,0.0866606374375435,0.0565492644174203,0.0332725904680283,132.5,93.5,NA,3.55030634140151
105,0,2016-09-13,2016-09-06,7,0.0789628111071455,0.0866606374375435,0.0565492644174203,0.0332725904680283,132.5,93.5,NA,3.55030634140151
105,0,2016-09-13,2016-09-06,7,0.0789628111071455,0.0866606374375435,0.0565492644174203,0.0332725904680283,132.5,93.5,NA,3.55030634140151
105,0,2016-09-13,2016-09-06,7,0.0789628111071455,0.0866606374375435,0.0565492644174203,0.0332725904680283,132.5,93.5,NA,3.55030634140151
105,0,2016-09-13,2016-09-06,7,0.0789628111071455,0.0866606374375435,0.0565492644174203,0.0332725904680283,132.5,93.5,NA,3.55030634140151
106,1,2016-09-13,2016-09-06,7,0.0154876571987143,0.0657940273731155,0.0577847079222741,0.0307063685625707,117.5,NA,NA,3.53701454617682
106,1,2016-09-13,2016-09-06,7,0.0154876571987143,0.0657940273731155,0.0577847079222741,0.0307063685625707,117.5,NA,NA,3.53701454617682
106,1,2016-09-13,2016-09-06,7,0.0154876571987143,0.0657940273731155,0.0577847079222741,0.0307063685625707,117.5,NA,NA,3.53701454617682
106,0,2016-09-13,2016-09-06,7,0.0154876571987143,0.0657940273731155,0.0577847079222741,0.0307063685625707,117.5,NA,NA,3.53701454617682
106,0,2016-09-13,2016-09-06,7,0.0154876571987143,0.0657940273731155,0.0577847079222741,0.0307063685625707,117.5,NA,NA,3.53701454617682
107,1,2016-09-13,2016-09-06,7,0,0.0877484573641763,0.0568459965108735,0.0338306630313379,100,43.5,0.00143500000000008,3.57951598854021
107,1,2016-09-13,2016-09-06,7,0,0.0877484573641763,0.0568459965108735,0.0338306630313379,100,43.5,0.00143500000000008,3.57951598854021
107,1,2016-09-13,2016-09-06,7,0,0.0877484573641763,0.0568459965108735,0.0338306630313379,100,43.5,0.00143500000000008,3.57951598854021
107,0,2016-09-13,2016-09-06,7,0,0.0877484573641763,0.0568459965108735,0.0338306630313379,100,43.5,0.00143500000000008,3.57951598854021
107,0,2016-09-13,2016-09-06,7,0,0.0877484573641763,0.0568459965108735,0.0338306630313379,100,43.5,0.00143500000000008,3.57951598854021
109,0,2016-09-13,2016-09-06,7,0.00134195036177163,0.0312747370212163,0.0202270828755226,0.0204344002970615,132.5,88.5,NA,1.50533301940732
109,0,2016-09-13,2016-09-06,7,0.00134195036177163,0.0312747370212163,0.0202270828755226,0.0204344002970615,132.5,88.5,NA,1.50533301940732
109,0,2016-09-13,2016-09-06,7,0.00134195036177163,0.0312747370212163,0.0202270828755226,0.0204344002970615,132.5,88.5,NA,1.50533301940732
109,0,2016-09-13,2016-09-06,7,0.00134195036177163,0.0312747370212163,0.0202270828755226,0.0204344002970615,132.5,88.5,NA,1.50533301940732
109,0,2016-09-13,2016-09-06,7,0.00134195036177163,0.0312747370212163,0.0202270828755226,0.0204344002970615,132.5,88.5,NA,1.50533301940732
110,1,2016-09-13,2016-09-06,7,0,0.0491891851941325,0.0586095987745343,0.0359739029386555,122.5,90.5,NA,3.72074150843904
110,1,2016-09-13,2016-09-06,7,0,0.0491891851941325,0.0586095987745343,0.0359739029386555,122.5,90.5,NA,3.72074150843904
110,1,2016-09-13,2016-09-06,7,0,0.0491891851941325,0.0586095987745343,0.0359739029386555,122.5,90.5,NA,3.72074150843904
110,1,2016-09-13,2016-09-06,7,0,0.0491891851941325,0.0586095987745343,0.0359739029386555,122.5,90.5,NA,3.72074150843904
110,0,2016-09-13,2016-09-06,7,0,0.0491891851941325,0.0586095987745343,0.0359739029386555,122.5,90.5,NA,3.72074150843904
112,0,2016-09-13,2016-09-06,7,0.00176658964799366,0.227939563202132,0.0622205383968783,0.0623231052301442,115,105.5,NA,4.61579067072623
112,0,2016-09-13,2016-09-06,7,0.00176658964799366,0.227939563202132,0.0622205383968783,0.0623231052301442,115,105.5,NA,4.61579067072623
112,0,2016-09-13,2016-09-06,7,0.00176658964799366,0.227939563202132,0.0622205383968783,0.0623231052301442,115,105.5,NA,4.61579067072623
112,0,2016-09-13,2016-09-06,7,0.00176658964799366,0.227939563202132,0.0622205383968783,0.0623231052301442,115,105.5,NA,4.61579067072623
112,0,2016-09-13,2016-09-06,7,0.00176658964799366,0.227939563202132,0.0622205383968783,0.0623231052301442,115,105.5,NA,4.61579067072623
113,1,2016-09-13,2016-09-06,7,0.0202552560404256,0.0362840336800648,0.0366907338369567,0.0166418593539355,107.5,37.5,NA,2.16707066178169
113,1,2016-09-13,2016-09-06,7,0.0202552560404256,0.0362840336800648,0.0366907338369567,0.0166418593539355,107.5,37.5,NA,2.16707066178169
113,1,2016-09-13,2016-09-06,7,0.0202552560404256,0.0362840336800648,0.0366907338369567,0.0166418593539355,107.5,37.5,NA,2.16707066178169
113,1,2016-09-13,2016-09-06,7,0.0202552560404256,0.0362840336800648,0.0366907338369567,0.0166418593539355,107.5,37.5,NA,2.16707066178169
113,0,2016-09-13,2016-09-06,7,0.0202552560404256,0.0362840336800648,0.0366907338369567,0.0166418593539355,107.5,37.5,NA,2.16707066178169
114,1,2016-09-13,2016-09-06,7,0.00346788466386917,0.109711020872553,0.0445170317335769,0.0307771314766977,132.5,NA,0.000918999999999892,2.92136528694366
114,1,2016-09-13,2016-09-06,7,0.00346788466386917,0.109711020872553,0.0445170317335769,0.0307771314766977,132.5,NA,0.000918999999999892,2.92136528694366
114,1,2016-09-13,2016-09-06,7,0.00346788466386917,0.109711020872553,0.0445170317335769,0.0307771314766977,132.5,NA,0.000918999999999892,2.92136528694366
114,0,2016-09-13,2016-09-06,7,0.00346788466386917,0.109711020872553,0.0445170317335769,0.0307771314766977,132.5,NA,0.000918999999999892,2.92136528694366
114,0,2016-09-13,2016-09-06,7,0.00346788466386917,0.109711020872553,0.0445170317335769,0.0307771314766977,132.5,NA,0.000918999999999892,2.92136528694366
