"lgw","plantNum","lat1","lat2","date.out","weight","date.in","tough","init.weight","daysout","c.10.5","c.17.4","c.17.7","c.18.4","c.18.6","card.tot","c.10.5.fin","c.17.4.fin","c.17.7.fin","c.18.4.fin","c.18.6.fin","card.tot.fin","leaf.sample.weight","N2.Amp","perc.N","CO2.Amp","perc.C","trich","c2n","sla","c.pca"
-6.35732440062379,1,0.00218099999999999,0.00269199999999992,"2015/09/19",0.001734,"2015/09/25",62.5,0.0013561,6,0.282336660794846,0.0234998102846714,0.00786483879138676,0.0332259073001386,0.0389722023650274,0.38589941953607,0.290330629213771,0.022102795172401,0.0256151766425356,0.0408053865856143,0.0196788954370186,0.39853288305134,3.051,3035,2.22,11849,43.19,37,19.454954954955,26.4799331103679,1.35234941113771
-5.62765511426865,1,0.00218099999999999,0.00269199999999992,"2015/09/19",0.003597,"2015/09/25",62.5,0.0013561,6,0.282336660794846,0.0234998102846714,0.00786483879138676,0.0332259073001386,0.0389722023650274,0.38589941953607,0.290330629213771,0.022102795172401,0.0256151766425356,0.0408053865856143,0.0196788954370186,0.39853288305134,3.051,3035,2.22,11849,43.19,37,19.454954954955,26.4799331103679,1.35234941113771
-6.1987347492659,2,0.00153800000000004,0.00165000000000015,"2015/09/19",0.002032,"2015/09/25",90,0.0013561,6,0.3413735944497,0.00174552471774986,0,0.00680996100504413,0.0541249521938901,0.404054032366384,0.4011090506842,0.00200344446019834,0,0.00849363333319553,0.0574510534926022,0.469057181970196,3.032,3875,2.85,12071,44.45,40,15.5964912280702,30.2772466539197,0.192393680234816
-5.94039127692398,2,0.00153800000000004,0.00165000000000015,"2015/09/19",0.002631,"2015/09/25",90,0.0013561,6,0.3413735944497,0.00174552471774986,0,0.00680996100504413,0.0541249521938901,0.404054032366384,0.4011090506842,0.00200344446019834,0,0.00849363333319553,0.0574510534926022,0.469057181970196,3.032,3875,2.85,12071,44.45,40,15.5964912280702,30.2772466539197,0.192393680234816
-5.93697636182391,3,0.00177300000000002,0.00101400000000007,"2015/09/19",0.00264,"2015/09/25",45,0.0013561,6,0.543450933194028,0.00315421916208035,0.00115964569841967,0.00902839587861462,0.044454246655966,0.601247440589109,0.275078175990312,0.00392592924324822,0.00280614226072203,0.00984946670519564,0.0301081192446124,0.321767833444091,2.947,2772,2.15,11068,41.19,38,19.1581395348837,29.8491988689915,0.28518482882379
-6.00596923331086,3,0.00177300000000002,0.00101400000000007,"2015/09/19",0.002464,"2015/09/25",45,0.0013561,6,0.543450933194028,0.00315421916208035,0.00115964569841967,0.00902839587861462,0.044454246655966,0.601247440589109,0.275078175990312,0.00392592924324822,0.00280614226072203,0.00984946670519564,0.0301081192446124,0.321767833444091,2.947,2772,2.15,11068,41.19,38,19.1581395348837,29.8491988689915,0.28518482882379
-5.93470621328937,4,0.00205499999999992,0.00217699999999987,"2015/09/19",0.002646,"2015/09/25",72.5,0.0013561,6,0.440149343910926,0.00645345855183568,0.00405136051366155,0.0188345090608338,0.0595667082919734,0.529055380329231,0.466579903970172,0.00233833394466953,0.00190938366810928,0.00546718912163525,0.0484298454463002,0.524724656150886,3.112,3375,2.44,11705,41.54,34,17.0245901639344,26.4799331103679,0.60780355991015
-5.88350740560289,4,0.00205499999999992,0.00217699999999987,"2015/09/19",0.002785,"2015/09/25",72.5,0.0013561,6,0.440149343910926,0.00645345855183568,0.00405136051366155,0.0188345090608338,0.0595667082919734,0.529055380329231,0.466579903970172,0.00233833394466953,0.00190938366810928,0.00546718912163525,0.0484298454463002,0.524724656150886,3.112,3375,2.44,11705,41.54,34,17.0245901639344,26.4799331103679,0.60780355991015
-6.22112931541246,5,0.00306400000000018,0.00342399999999987,"2015/09/19",0.001987,"2015/09/25",60,0.0013561,6,0.239608883889421,0.0276054167315717,0.00899735887787776,0.0296666552066905,0.0337359869197892,0.33961430162535,0.269093152876196,0.0169135178290748,0.0135512977828381,0.0179431507641174,0.0238642596365407,0.341365378888767,3.006,2305,1.72,11636,42.57,55,24.75,21.2123241795044,1.37586277736312
-5.84304454198971,5,0.00306400000000018,0.00342399999999987,"2015/09/19",0.0029,"2015/09/25",60,0.0013561,6,0.239608883889421,0.0276054167315717,0.00899735887787776,0.0296666552066905,0.0337359869197892,0.33961430162535,0.269093152876196,0.0169135178290748,0.0135512977828381,0.0179431507641174,0.0238642596365407,0.341365378888767,3.006,2305,1.72,11636,42.57,55,24.75,21.2123241795044,1.37586277736312
-5.64730762772822,6,0.00347900000000001,0.00471399999999988,"2015/09/19",0.003527,"2015/09/25",60,0.0013561,6,0.259354965073746,0.008517078617163,0.00143782753104468,0.01803246583208,0.0334728959478204,0.320815233001854,0.275113810364207,0.0160240311146825,0.012446644894457,0.0181517768497632,0.0261764375384402,0.347912700761549,3.028,2659,1.96,11777,43.04,36.5,21.9591836734694,24.1940412528648,0.611137395476155
-5.20847666254825,6,0.00347900000000001,0.00471399999999988,"2015/09/19",0.00547,"2015/09/25",60,0.0013561,6,0.259354965073746,0.008517078617163,0.00143782753104468,0.01803246583208,0.0334728959478204,0.320815233001854,0.275113810364207,0.0160240311146825,0.012446644894457,0.0181517768497632,0.0261764375384402,0.347912700761549,3.028,2659,1.96,11777,43.04,36.5,21.9591836734694,24.1940412528648,0.611137395476155
-6.1247673944224,7,0.000693999999999972,0.000917999999999974,"2015/09/19",0.002188,"2015/09/25",125,0.0013561,6,0.266680288640484,0.0653321412880042,0.01901395012739,0.0552019274803123,0.0277196220564414,0.433947929592632,0.263554789004644,0.0175223376082724,0.00256739153872749,0.0248614522235196,0.0295182496157107,0.338024219990874,2.977,2500,1.89,11729,43.65,74.5,23.0952380952381,22.6052819414704,2.8969494996299
-6.64231881547768,7,0.000693999999999972,0.000917999999999974,"2015/09/19",0.001304,"2015/09/25",125,0.0013561,6,0.266680288640484,0.0653321412880042,0.01901395012739,0.0552019274803123,0.0277196220564414,0.433947929592632,0.263554789004644,0.0175223376082724,0.00256739153872749,0.0248614522235196,0.0295182496157107,0.338024219990874,2.977,2500,1.89,11729,43.65,74.5,23.0952380952381,22.6052819414704,2.8969494996299
-5.16273807230621,8,0.00541999999999998,0.00224099999999994,"2015/09/19",0.005726,"2015/09/25",97.5,0.0013561,6,0.329944620803479,0.00511595875097263,0.00494647208482103,0.0145879336471602,0.0412218742678543,0.395816859554287,0.326555283467327,0.029019579148122,0.0138458652990661,0.0528103898703785,0.0350061239810009,0.457237241765895,3.119,2709,1.94,12529,45.12,74.5,23.2577319587629,23.0830903790087,0.490838190588512
NA,8,0.00541999999999998,0.00224099999999994,"2015/09/19",NA,"2015/09/25",97.5,0.0013561,6,0.329944620803479,0.00511595875097263,0.00494647208482103,0.0145879336471602,0.0412218742678543,0.395816859554287,0.326555283467327,0.029019579148122,0.0138458652990661,0.0528103898703785,0.0350061239810009,0.457237241765895,3.119,2709,1.94,12529,45.12,74.5,23.2577319587629,23.0830903790087,0.490838190588512
-6.14741684888187,9,0.00523899999999999,0.00267499999999998,"2015/09/19",0.002139,"2015/09/25",102.5,0.0013561,6,0.270712877079099,0.0173101922885029,0.00237311769419829,0.0239501394787766,0.0306882000480239,0.345034526588601,0.311193647458301,0.0193492099556994,0.00320424911039662,0.0310020907872459,0.0368724928886568,0.4016216902003,3.107,2702,1.93,12556,45.22,51.5,23.4300518134715,27.4913194444444,0.951419250391214
-5.95841669306178,9,0.00523899999999999,0.00267499999999998,"2015/09/19",0.002584,"2015/09/25",102.5,0.0013561,6,0.270712877079099,0.0173101922885029,0.00237311769419829,0.0239501394787766,0.0306882000480239,0.345034526588601,0.311193647458301,0.0193492099556994,0.00320424911039662,0.0310020907872459,0.0368724928886568,0.4016216902003,3.107,2702,1.93,12556,45.22,51.5,23.4300518134715,27.4913194444444,0.951419250391214
-6.03562544289375,10,0.00383500000000003,0.00341499999999995,"2015/09/19",0.002392,"2015/09/25",77.5,0.0013561,6,0.291590731953111,0.0095338022286052,0.00726592457839115,0.0250157348104047,0.0247532447526961,0.358159438323209,0.253326766775502,0.023151843208266,0.00734161644963545,0.0253672946883771,0.0342176387965838,0.343405159918365,3.017,1973,1.47,10596,37.88,26,25.7687074829932,14.6552521980565,0.847139367626973
-6.28074790092674,10,0.00383500000000003,0.00341499999999995,"2015/09/19",0.001872,"2015/09/25",77.5,0.0013561,6,0.291590731953111,0.0095338022286052,0.00726592457839115,0.0250157348104047,0.0247532447526961,0.358159438323209,0.253326766775502,0.023151843208266,0.00734161644963545,0.0253672946883771,0.0342176387965838,0.343405159918365,3.017,1973,1.47,10596,37.88,26,25.7687074829932,14.6552521980565,0.847139367626973
-5.15075980219042,11,0.00173500000000004,0.001633,"2015/09/19",0.005795,"2015/09/25",65,0.0013561,6,0.135965557909724,0.00829519446116496,0.00747877347548835,0.00957892546792941,0.0354711514173137,0.19678960273162,0.503205134672262,0.00309063845658689,0,0.00894981916551552,0.0446035143964956,0.55984910669086,3.113,3378,2.44,12671,46.06,46.5,18.8770491803279,31.5752741774676,0.474368551364588
-4.90654558557187,11,0.00173500000000004,0.001633,"2015/09/19",0.007398,"2015/09/25",65,0.0013561,6,0.135965557909724,0.00829519446116496,0.00747877347548835,0.00957892546792941,0.0354711514173137,0.19678960273162,0.503205134672262,0.00309063845658689,0,0.00894981916551552,0.0446035143964956,0.55984910669086,3.113,3378,2.44,12671,46.06,46.5,18.8770491803279,31.5752741774676,0.474368551364588
-5.5085446925957,14,0.00124800000000014,0.00180999999999987,"2015/09/19",0.004052,"2015/09/25",110,0.0013561,6,0.231088013045667,0.0173043416523082,0.01168469496079,0.0221907403639754,0.0358004501319315,0.318068240154672,0.375733856558743,0.012487188533367,0.00879196588180558,0.0329540413480605,0.0388780291261822,0.468845081448158,3.099,2824,2.05,11750,41.89,49,20.4341463414634,21.1556446225785,1.001460004663
-5.30453666636195,14,0.00124800000000014,0.00180999999999987,"2015/09/19",0.004969,"2015/09/25",110,0.0013561,6,0.231088013045667,0.0173043416523082,0.01168469496079,0.0221907403639754,0.0358004501319315,0.318068240154672,0.375733856558743,0.012487188533367,0.00879196588180558,0.0329540413480605,0.0388780291261822,0.468845081448158,3.099,2824,2.05,11750,41.89,49,20.4341463414634,21.1556446225785,1.001460004663
-5.35129629133892,15,0.00312599999999996,0.00440699999999983,"2015/09/19",0.004742,"2015/09/25",137.5,0.0013561,6,0.129777990594307,0.068004861746956,0.0142900082008179,0.0391923452310243,0.0141417098039066,0.265406915577012,0.178935579139504,0.0446200932201774,0.0206023598498892,0.0378005703048392,0.0316107658051504,0.313569368319561,3.093,2377,1.74,11807,42.4,47.5,24.367816091954,23.4072431633407,2.55194920146856
-6.80069620668873,15,0.00312599999999996,0.00440699999999983,"2015/09/19",0.001113,"2015/09/25",137.5,0.0013561,6,0.129777990594307,0.068004861746956,0.0142900082008179,0.0391923452310243,0.0141417098039066,0.265406915577012,0.178935579139504,0.0446200932201774,0.0206023598498892,0.0378005703048392,0.0316107658051504,0.313569368319561,3.093,2377,1.74,11807,42.4,47.5,24.367816091954,23.4072431633407,2.55194920146856
-4.83609392462126,16,0.00123699999999993,0.000977000000000006,"2015/09/19",0.007938,"2015/09/25",127.5,0.0013561,6,0.338622898557194,0.0202598510422572,0.0079806894412059,0.0283872979502491,0.0376977349894369,0.432948471980343,0.39834780986984,0.0417646390384968,0.0293266340720717,0.0891192809929229,0,0.558558363973331,3.034,2895,2.14,11902,43.57,77.5,20.3598130841121,22.653791130186,1.17167063747727
-4.8335775669774,16,0.00123699999999993,0.000977000000000006,"2015/09/19",0.007958,"2015/09/25",127.5,0.0013561,6,0.338622898557194,0.0202598510422572,0.0079806894412059,0.0283872979502491,0.0376977349894369,0.432948471980343,0.39834780986984,0.0417646390384968,0.0293266340720717,0.0891192809929229,0,0.558558363973331,3.034,2895,2.14,11902,43.57,77.5,20.3598130841121,22.653791130186,1.17167063747727
-5.72235386024164,17,0.00350899999999998,0.00219499999999995,"2015/09/19",0.003272,"2015/09/25",70,0.0013561,6,0.221766621177689,0.00246414216547352,0.001730664348656,0.00737282242131328,0.0314407059592416,0.264774956072374,0.533258084377373,0.0229453798898685,0.00934014666955244,0.0259862423982074,0.0367421554854735,0.628272008820475,3.119,3094,2.22,12266,43.92,74.5,19.7837837837838,18.2220943613349,0.237920952164607
-5.98667603037619,17,0.00350899999999998,0.00219499999999995,"2015/09/19",0.002512,"2015/09/25",70,0.0013561,6,0.221766621177689,0.00246414216547352,0.001730664348656,0.00737282242131328,0.0314407059592416,0.264774956072374,0.533258084377373,0.0229453798898685,0.00934014666955244,0.0259862423982074,0.0367421554854735,0.628272008820475,3.119,3094,2.22,12266,43.92,74.5,19.7837837837838,18.2220943613349,0.237920952164607
-5.74210758897787,18,0.000837999999999894,0.00113999999999992,"2015/09/19",0.003208,"2015/09/25",47.5,0.0013561,6,0.260724085855324,0.0142938984743802,0,0.0218548075961434,0.0342570467547832,0.33112983868063,0.490851780661867,0.00571736252663037,0.00304794670935131,0.0177345197713968,0.0424314282640552,0.559783037933301,2.983,3102,2.33,11608,42.99,77,18.450643776824,20.6723237597911,0.813451035526756
-4.99525419205795,18,0.000837999999999894,0.00113999999999992,"2015/09/19",0.00677,"2015/09/25",47.5,0.0013561,6,0.260724085855324,0.0142938984743802,0,0.0218548075961434,0.0342570467547832,0.33112983868063,0.490851780661867,0.00571736252663037,0.00304794670935131,0.0177345197713968,0.0424314282640552,0.559783037933301,2.983,3102,2.33,11608,42.99,77,18.450643776824,20.6723237597911,0.813451035526756
-4.78083395511798,19,0.00147699999999995,0.00160799999999983,"2015/09/20",0.008389,"2015/09/26",60,0.0020155,6,0.362364685097799,0.00575133110696673,0.006341075950758,0.0202990992501358,0.054381779881172,0.449137971286831,0.270464503742508,0.0101956463366505,0.00794049412992856,0.019964052431798,0.0343995320580161,0.342964228698901,3.068,2569,1.89,11876,42.97,23.5,22.7354497354497,18.8849135360763,0.646941217343484
-4.46732311929597,19,0.00147699999999995,0.00160799999999983,"2015/09/20",0.011478,"2015/09/26",60,0.0020155,6,0.362364685097799,0.00575133110696673,0.006341075950758,0.0202990992501358,0.054381779881172,0.449137971286831,0.270464503742508,0.0101956463366505,0.00794049412992856,0.019964052431798,0.0343995320580161,0.342964228698901,3.068,2569,1.89,11876,42.97,23.5,22.7354497354497,18.8849135360763,0.646941217343484
-4.69706620069263,20,0.00237799999999999,0.00328799999999996,"2015/09/20",0.009122,"2015/09/26",80,0.0020155,6,0.420772532935767,0.0285362404882642,0.0130612063608188,0.0275471144524893,0.0324911911392654,0.522408285376605,0.229234432408394,0.0124898010818345,0.00228091620269864,0.0266637595249895,0.0328706204916431,0.303539529709559,3.039,2389,1.77,11778,42.83,67,24.1977401129943,22.5891583452211,1.38837584072595
-5.55450077194045,20,0.00237799999999999,0.00328799999999996,"2015/09/20",0.00387,"2015/09/26",80,0.0020155,6,0.420772532935767,0.0285362404882642,0.0130612063608188,0.0275471144524893,0.0324911911392654,0.522408285376605,0.229234432408394,0.0124898010818345,0.00228091620269864,0.0266637595249895,0.0328706204916431,0.303539529709559,3.039,2389,1.77,11778,42.83,67,24.1977401129943,22.5891583452211,1.38837584072595
-4.49927981073066,21,0.000712000000000046,0.000477000000000061,"2015/09/20",0.011117,"2015/09/26",62.5,0.0020155,6,0.394396877127595,0.00261291380820455,0.00221737213044041,0.00774040256383969,0.0389598693692022,0.445927434999282,0.507394376653612,0.00278956050702474,0.00330505626056643,0.00515952113959128,0.0398534408916105,0.558501955452405,2.995,3318,2.48,12189,45.54,62.5,18.3629032258065,20.9735099337748,0.254225003067024
NA,21,0.000712000000000046,0.000477000000000061,"2015/09/20",NA,"2015/09/26",62.5,0.0020155,6,0.394396877127595,0.00261291380820455,0.00221737213044041,0.00774040256383969,0.0389598693692022,0.445927434999282,0.507394376653612,0.00278956050702474,0.00330505626056643,0.00515952113959128,0.0398534408916105,0.558501955452405,2.995,3318,2.48,12189,45.54,62.5,18.3629032258065,20.9735099337748,0.254225003067024
-4.43703207371061,22,0.00157600000000002,0.000777000000000028,"2015/09/20",0.011831,"2015/09/26",75,0.0020155,6,0.243539328811543,0.0285309043159178,0.0130232063582729,0.0359019111589985,0.0241722629622657,0.345167613606998,0.21565402082635,0.0227498510725976,0.0232244437374693,0.0696885549024339,0,0.33131687053885,2.913,3156,2.43,11624,44.15,69.5,18.1687242798354,17.3629385964912,1.57563509567604
-4.66015449432085,23,0.00219799999999992,0.00228399999999995,"2015/09/20",0.009465,"2015/09/26",92.5,0.0020155,6,0.363853412316237,0.0353939722029994,0.014852026500009,0.029812530408521,0.0400631571030534,0.48397509853082,0.330562143152941,0.0333471462020575,0.0179461185264158,0.073911712615541,0.0527583274782026,0.508525447975158,3.109,2622,1.89,11531,40.92,28,21.6507936507937,21.3697705802969,1.61118355980712
NA,23,0.00219799999999992,0.00228399999999995,"2015/09/20",NA,"2015/09/26",92.5,0.0020155,6,0.363853412316237,0.0353939722029994,0.014852026500009,0.029812530408521,0.0400631571030534,0.48397509853082,0.330562143152941,0.0333471462020575,0.0179461185264158,0.073911712615541,0.0527583274782026,0.508525447975158,3.109,2622,1.89,11531,40.92,28,21.6507936507937,21.3697705802969,1.61118355980712
-4.42853141232963,24,0.00183500000000003,0.00218499999999988,"2015/09/20",0.011932,"2015/09/26",85,0.0020155,6,0.369052347830676,0.0189196040385582,0.00212655075542235,0.0243828112993588,0.038754188365153,0.453235502289168,0.249365096471487,0.0421246801391353,0.0211774505329254,0.0447852235762054,0.0317581155797665,0.38921056629952,3.086,3488,2.54,12079,43.67,50.5,17.1929133858268,18.1386025200458,0.995060092435169
-4.6607886097511,24,0.00183500000000003,0.00218499999999988,"2015/09/20",0.009459,"2015/09/26",85,0.0020155,6,0.369052347830676,0.0189196040385582,0.00212655075542235,0.0243828112993588,0.038754188365153,0.453235502289168,0.249365096471487,0.0421246801391353,0.0211774505329254,0.0447852235762054,0.0317581155797665,0.38921056629952,3.086,3488,2.54,12079,43.67,50.5,17.1929133858268,18.1386025200458,0.995060092435169
-5.54960322380853,25,0.000785000000000036,0.000950000000000006,"2015/09/20",0.003889,"2015/09/26",102.5,0.0020155,6,0.218157318796838,0.0155793963515893,0.0141473998289271,0.0281645260862411,0.0257930877850337,0.301841728848629,0.443919579141204,0.00398308215134226,0.00399239412624458,0.0166766311298628,0.0482847837893501,0.516856470338004,3.057,2734,2.01,10996,39.23,58.5,19.5174129353234,17.3249452954048,1.12052779665186
-5.29871744656938,25,0.000785000000000036,0.000950000000000006,"2015/09/20",0.004998,"2015/09/26",102.5,0.0020155,6,0.218157318796838,0.0155793963515893,0.0141473998289271,0.0281645260862411,0.0257930877850337,0.301841728848629,0.443919579141204,0.00398308215134226,0.00399239412624458,0.0166766311298628,0.0482847837893501,0.516856470338004,3.057,2734,2.01,10996,39.23,58.5,19.5174129353234,17.3249452954048,1.12052779665186
-4.84622315784587,28,0.00167300000000004,0.00170500000000007,"2015/09/20",0.007858,"2015/09/26",82.5,0.0020155,6,0.194727672351433,0.00699363269386534,0.0118083849436211,0.0596200860081543,0.0174232089065067,0.29057298490358,0.209008967754028,0.0385311408124692,0.0176218311475408,0.0368306363514443,0.0296020118605725,0.331594587926055,2.999,2273,1.71,11452,42.04,82,24.5847953216374,23.794139744553,1.61123466405868
-4.75948754637245,28,0.00167300000000004,0.00170500000000007,"2015/09/20",0.00857,"2015/09/26",82.5,0.0020155,6,0.194727672351433,0.00699363269386534,0.0118083849436211,0.0596200860081543,0.0174232089065067,0.29057298490358,0.209008967754028,0.0385311408124692,0.0176218311475408,0.0368306363514443,0.0296020118605725,0.331594587926055,2.999,2273,1.71,11452,42.04,82,24.5847953216374,23.794139744553,1.61123466405868
-4.52073713001326,29,NA,0.00285099999999994,"2015/09/20",0.010881,"2015/09/26",80,0.0020155,6,0.193042308653807,0.0326505788740191,0.00743333805282082,0.0443770235267439,0.0334402708067717,0.310943519914163,0.211543150046995,0.0426037724575618,0.0115992172526643,0.0430588229022354,0.0333794722698867,0.342184434929344,2.961,2132,1.63,11152,41.48,49,25.4478527607362,23.3726937269373,1.80513263236421
-4.86342291441587,29,NA,0.00285099999999994,"2015/09/20",0.007724,"2015/09/26",80,0.0020155,6,0.193042308653807,0.0326505788740191,0.00743333805282082,0.0443770235267439,0.0334402708067717,0.310943519914163,0.211543150046995,0.0426037724575618,0.0115992172526643,0.0430588229022354,0.0333794722698867,0.342184434929344,2.961,2132,1.63,11152,41.48,49,25.4478527607362,23.3726937269373,1.80513263236421
-5.21987594024147,30,NA,0.00246500000000016,"2015/09/20",0.005408,"2015/09/26",75,0.0020155,6,0.335680370138212,0.00535710275531738,0.00591881346348306,0.00862374404099363,0.0319417354009906,0.387521765798997,0.252601031216327,0.0199819898016933,0.00553731747811834,0.0428534242682753,0.0356671160371452,0.356640878801559,3.017,2296,1.71,11174,40.47,47.5,23.6666666666667,19.84335839599,0.371618954618607
-5.30272707503674,30,NA,0.00246500000000016,"2015/09/20",0.004978,"2015/09/26",75,0.0020155,6,0.335680370138212,0.00535710275531738,0.00591881346348306,0.00862374404099363,0.0319417354009906,0.387521765798997,0.252601031216327,0.0199819898016933,0.00553731747811834,0.0428534242682753,0.0356671160371452,0.356640878801559,3.017,2296,1.71,11174,40.47,47.5,23.6666666666667,19.84335839599,0.371618954618607
-4.5973012276094,31,0.00360200000000011,0.00288500000000003,"2015/09/20",0.010079,"2015/09/26",92.5,0.0020155,6,0.208458395218309,0.0108869730049215,0.0048022271865362,0.0168481022797073,0.0331351052899759,0.27413080297945,0.249694986367952,0.00530266217867078,0,0.0101785452166971,0.0336870865631186,0.298863280326439,2.964,2706,2.06,11724,43.94,86.5,21.3300970873786,19.9057196731615,0.670378953124577
-4.44160680212273,31,0.00360200000000011,0.00288500000000003,"2015/09/20",0.011777,"2015/09/26",92.5,0.0020155,6,0.208458395218309,0.0108869730049215,0.0048022271865362,0.0168481022797073,0.0331351052899759,0.27413080297945,0.249694986367952,0.00530266217867078,0,0.0101785452166971,0.0336870865631186,0.298863280326439,2.964,2706,2.06,11724,43.94,86.5,21.3300970873786,19.9057196731615,0.670378953124577
-4.71219875874661,32,0.00244100000000014,0.00116200000000011,"2015/09/20",0.008985,"2015/09/27",82.5,0.0020155,7,0.421798102574621,0.00392234585191188,0.00209869729583422,0.00854399217418375,0.03319984144621,0.46956297934276,0.228111012668444,0.0411440770790084,0.00902733657792674,0.054772977639443,0.0559745880476841,0.389029992012506,3.039,2088,1.56,11816,43.39,52.5,27.8141025641026,28.5058505850585,0.300668321941652
-4.85607041434734,32,0.00244100000000014,0.00116200000000011,"2015/09/20",0.007781,"2015/09/27",82.5,0.0020155,7,0.421798102574621,0.00392234585191188,0.00209869729583422,0.00854399217418375,0.03319984144621,0.46956297934276,0.228111012668444,0.0411440770790084,0.00902733657792674,0.054772977639443,0.0559745880476841,0.389029992012506,3.039,2088,1.56,11816,43.39,52.5,27.8141025641026,28.5058505850585,0.300668321941652
-4.51926775698739,34,0.00369000000000019,0.00270700000000001,"2015/09/20",0.010897,"2015/09/27",80,0.0020155,7,0.281998446618803,0.0599566679729155,0.0150496292441324,0.0577954409063475,0.0349155654269567,0.449715750169155,0.142261225663628,0.0222845318280027,0.0188037723815539,0.0313647855490879,0.0169046767987813,0.231618992221054,2.946,2190,1.68,11688,43.97,114,26.172619047619,24.4555984555985,2.79581594022563
-5.00744040319974,34,0.00369000000000019,0.00270700000000001,"2015/09/20",0.006688,"2015/09/27",80,0.0020155,7,0.281998446618803,0.0599566679729155,0.0150496292441324,0.0577954409063475,0.0349155654269567,0.449715750169155,0.142261225663628,0.0222845318280027,0.0188037723815539,0.0313647855490879,0.0169046767987813,0.231618992221054,2.946,2190,1.68,11688,43.97,114,26.172619047619,24.4555984555985,2.79581594022563
NA,35,0.00399299999999991,0.00217099999999992,"2015/09/20",NA,"2015/09/27",75,0.0020155,7,0.329375804774403,0.0212013686801551,0.00954483402188865,0.0336355392281293,0.0378146775210546,0.431572224225631,0.195059829654659,0.0190384490359506,0.00839766728659166,0.023468267381359,0.0302273094417456,0.276191522800306,3.076,2422,1.78,12027,43.8,80,24.6067415730337,19.6708074534161,1.32590820634686
NA,35,0.00399299999999991,0.00217099999999992,"2015/09/20",NA,"2015/09/27",75,0.0020155,7,0.329375804774403,0.0212013686801551,0.00954483402188865,0.0336355392281293,0.0378146775210546,0.431572224225631,0.195059829654659,0.0190384490359506,0.00839766728659166,0.023468267381359,0.0302273094417456,0.276191522800306,3.076,2422,1.78,12027,43.8,80,24.6067415730337,19.6708074534161,1.32590820634686
-4.62813179762544,37,0.00364000000000009,0.00264799999999998,"2015/09/20",0.009773,"2015/09/27",87.5,0.0020155,7,0.232677902250954,0.0405388447918278,0.0111381501266275,0,0.0580332363151082,0.342388133484518,0.155972685949289,0.0138816914387227,0.00951706528181849,0.024296556742127,0.0341156233973226,0.23778362280928,3.115,2211,1.6,12292,44.29,59.5,27.68125,19.2289010321797,1.02148893880534
-4.53108364263539,37,0.00364000000000009,0.00264799999999998,"2015/09/20",0.010769,"2015/09/27",87.5,0.0020155,7,0.232677902250954,0.0405388447918278,0.0111381501266275,0,0.0580332363151082,0.342388133484518,0.155972685949289,0.0138816914387227,0.00951706528181849,0.024296556742127,0.0341156233973226,0.23778362280928,3.115,2211,1.6,12292,44.29,59.5,27.68125,19.2289010321797,1.02148893880534
-4.31623889413588,38,0.00304700000000002,0.00236500000000017,"2015/09/20",0.01335,"2015/09/27",110,0.0020155,7,0.374543955760299,0.0165724917139229,0.00857915433246416,0.0191262618154155,0.0339890405353104,0.452810904157412,0.198013935336124,0.0171605283135296,0.0107226764200209,0,0.0446909716677766,0.270588111737451,3.021,2588,1.93,12020,44.63,76.5,23.1243523316062,21.2836021505376,0.886173202812829
-4.4434765969901,38,0.00304700000000002,0.00236500000000017,"2015/09/20",0.011755,"2015/09/27",110,0.0020155,7,0.374543955760299,0.0165724917139229,0.00857915433246416,0.0191262618154155,0.0339890405353104,0.452810904157412,0.198013935336124,0.0171605283135296,0.0107226764200209,0,0.0446909716677766,0.270588111737451,3.021,2588,1.93,12020,44.63,76.5,23.1243523316062,21.2836021505376,0.886173202812829
-5.39284785039427,39,0.00160899999999997,0.00220300000000018,"2015/09/20",0.004549,"2015/09/27",105,0.0020155,7,0.194048781046586,0.0158115204283531,0.00959195167839999,0.0163387711267299,0.0280719064447842,0.263862930724853,0.238443625189986,0.0158731976410055,0.0229043350417843,0.0227521567525213,0.0222610941381949,0.322234408763492,3.004,2942,2.2,11661,43.02,66.5,19.5545454545455,18.5856807511737,0.816130774806113
-4.83735448195445,39,0.00160899999999997,0.00220300000000018,"2015/09/20",0.007928,"2015/09/27",105,0.0020155,7,0.194048781046586,0.0158115204283531,0.00959195167839999,0.0163387711267299,0.0280719064447842,0.263862930724853,0.238443625189986,0.0158731976410055,0.0229043350417843,0.0227521567525213,0.0222610941381949,0.322234408763492,3.004,2942,2.2,11661,43.02,66.5,19.5545454545455,18.5856807511737,0.816130774806113
-5.03872617426278,40,0.00113699999999994,NA,"2015/09/20",0.006482,"2015/09/27",100,0.0020155,7,0.156374352707565,0.0154597447842578,0.00197002805687955,0.0217506200725181,0.044770054946208,0.240324800567429,0.25456554831122,0.0152716401194722,0.00748315179510156,0.0309964322703205,0.0427819188926549,0.35109869138877,2.979,2475,1.87,11623,43.21,76.5,23.1069518716578,21.4276048714479,0.856380071346495
-5.19756746344789,40,0.00113699999999994,NA,"2015/09/20",0.00553,"2015/09/27",100,0.0020155,7,0.156374352707565,0.0154597447842578,0.00197002805687955,0.0217506200725181,0.044770054946208,0.240324800567429,0.25456554831122,0.0152716401194722,0.00748315179510156,0.0309964322703205,0.0427819188926549,0.35109869138877,2.979,2475,1.87,11623,43.21,76.5,23.1069518716578,21.4276048714479,0.856380071346495
-4.54642969096549,41,0.000576000000000132,0.000556000000000001,"2015/09/20",0.010605,"2015/09/27",147.5,0.0020155,7,0.201514082447183,0.0244868426762598,0.019295766067487,0.0272381956341121,0.0309091006072295,0.303443987432272,0.390088800000984,0.0030522376988875,0,0.0103200651430085,0.0514472228133149,0.454908325656194,2.965,3086,2.34,11811,44.22,96,18.8974358974359,23.0999270605398,1.35018163031349
-4.69498549031046,41,0.000576000000000132,0.000556000000000001,"2015/09/20",0.009141,"2015/09/27",147.5,0.0020155,7,0.201514082447183,0.0244868426762598,0.019295766067487,0.0272381956341121,0.0309091006072295,0.303443987432272,0.390088800000984,0.0030522376988875,0,0.0103200651430085,0.0514472228133149,0.454908325656194,2.965,3086,2.34,11811,44.22,96,18.8974358974359,23.0999270605398,1.35018163031349
-4.82444622577581,42,NA,0.000879999999999992,"2015/09/20",0.008031,"2015/09/27",80,0.0020155,7,0.342755463395763,0.00381240871604691,0.00420832604726859,0.00351228503340636,0.0381925049973407,0.392480988189826,0.414343129130504,0.037114174687299,0.0326918255440039,0,0.0982687572262183,0.582417886588025,3.102,2940,2.14,12490,45.4,54,21.214953271028,23.2184750733138,0.205443119426603
NA,42,NA,0.000879999999999992,"2015/09/20",NA,"2015/09/27",80,0.0020155,7,0.342755463395763,0.00381240871604691,0.00420832604726859,0.00351228503340636,0.0381925049973407,0.392480988189826,0.414343129130504,0.037114174687299,0.0326918255440039,0,0.0982687572262183,0.582417886588025,3.102,2940,2.14,12490,45.4,54,21.214953271028,23.2184750733138,0.205443119426603
-4.77311557683754,43,0.00202799999999992,0.00199899999999986,"2015/09/20",0.008454,"2015/09/27",60,0.0020155,7,0.203455487142677,0.0180365611403355,0.0118703658564657,0.0229956873046414,0.026772250588679,0.283130352032799,0.336217054973912,0.021576849061506,0.0102147300803481,0.0166917246335942,0.0346513613780588,0.419351720127419,2.973,2647,2,11659,43.38,51,21.69,20.4322580645161,1.03784935137639
-5.00415632799855,43,0.00202799999999992,0.00199899999999986,"2015/09/20",0.00671,"2015/09/27",60,0.0020155,7,0.203455487142677,0.0180365611403355,0.0118703658564657,0.0229956873046414,0.026772250588679,0.283130352032799,0.336217054973912,0.021576849061506,0.0102147300803481,0.0166917246335942,0.0346513613780588,0.419351720127419,2.973,2647,2,11659,43.38,51,21.69,20.4322580645161,1.03784935137639
NA,44,0.00196599999999991,0.000941000000000081,"2015/09/20",NA,"2015/09/27",112.5,0.0020155,7,0.138799186248695,0.0145101734224194,0.00569439680118969,0.0197140271484164,0.0310036672303864,0.209721450851107,0.192306431884145,0.0285865821590377,0.0340168614035802,0.0471238492662641,0.0225397920592644,0.324573516772292,3.066,2552,1.86,12167,44.4,151.5,23.8709677419355,22.5088841506752,0.825082152501975
-4.945268990665,44,0.00196599999999991,0.000941000000000081,"2015/09/20",0.007117,"2015/09/27",112.5,0.0020155,7,0.138799186248695,0.0145101734224194,0.00569439680118969,0.0197140271484164,0.0310036672303864,0.209721450851107,0.192306431884145,0.0285865821590377,0.0340168614035802,0.0471238492662641,0.0225397920592644,0.324573516772292,3.066,2552,1.86,12167,44.4,151.5,23.8709677419355,22.5088841506752,0.825082152501975
-4.67109633610426,45,0.0022660000000001,0.00212400000000001,"2015/09/20",0.009362,"2015/09/27",62.5,0.0020155,7,0.27318644848563,0.00937634523215592,0.00796518519409866,0.0130994208342395,0.034994557165628,0.338621956911752,0.174464790116501,0.013008440879945,0.0115345923372954,0.0660504175904204,0,0.265058240924162,3.043,2946,2.18,11908,43.46,48.5,19.9357798165138,21.6769336071184,0.582546682953353
-4.29650970715112,45,0.0022660000000001,0.00212400000000001,"2015/09/20",0.013616,"2015/09/27",62.5,0.0020155,7,0.27318644848563,0.00937634523215592,0.00796518519409866,0.0130994208342395,0.034994557165628,0.338621956911752,0.174464790116501,0.013008440879945,0.0115345923372954,0.0660504175904204,0,0.265058240924162,3.043,2946,2.18,11908,43.46,48.5,19.9357798165138,21.6769336071184,0.582546682953353
-4.59452702588961,48,0.00263199999999997,0.00338700000000003,"2015/09/20",0.010107,"2015/09/27",97.5,0.0020155,7,0.248978594047113,0.010802015685677,0.0170732659957915,0.00354695363403456,0.0434826153710397,0.323883444733656,0.226414112417072,0.0211148746757729,0.00158412494366275,0.0238632086766384,0.035585295076089,0.308561615789235,3.207,2892,2.04,12803,45.49,98.5,22.2990196078431,22.2401685393258,0.48778608095572
-4.51004184089651,48,0.00263199999999997,0.00338700000000003,"2015/09/20",0.010998,"2015/09/27",97.5,0.0020155,7,0.248978594047113,0.010802015685677,0.0170732659957915,0.00354695363403456,0.0434826153710397,0.323883444733656,0.226414112417072,0.0211148746757729,0.00158412494366275,0.0238632086766384,0.035585295076089,0.308561615789235,3.207,2892,2.04,12803,45.49,98.5,22.2990196078431,22.2401685393258,0.48778608095572
NA,50,0.00110600000000005,0.00130399999999997,"2015/09/20",NA,"2015/09/27",105,0.0020155,7,0.197618586461564,0.0478156824502699,0.0287973561754897,0.0441769706310187,0.0290162122860134,0.347424808004355,0.209358634460367,0.0230741887739079,0.0215926065961121,0,0.0619816563431557,0.316007086173543,3.127,2479,1.78,12490,45.04,74.5,25.3033707865169,25.4377510040161,2.34844624959429
-4.41488045954496,50,0.00110600000000005,0.00130399999999997,"2015/09/20",0.012096,"2015/09/27",105,0.0020155,7,0.197618586461564,0.0478156824502699,0.0287973561754897,0.0441769706310187,0.0290162122860134,0.347424808004355,0.209358634460367,0.0230741887739079,0.0215926065961121,0,0.0619816563431557,0.316007086173543,3.127,2479,1.78,12490,45.04,74.5,25.3033707865169,25.4377510040161,2.34844624959429
-4.53145514816581,51,0.00481200000000004,0.00694100000000009,"2015/09/20",0.010765,"2015/09/27",52.5,0.0020155,7,0.158825947282591,0.00451777855154091,0.0125182003272653,0,0.0296967688714906,0.205558695032887,0.243398117272737,0.00784812951706867,0.00733521864347114,0.00855394393178725,0.0307842970044649,0.297919706369529,3.104,2621,1.9,12534,45.56,52,23.9789473684211,18.0868075385494,0.222481719583405
-4.83420606300714,51,0.00481200000000004,0.00694100000000009,"2015/09/20",0.007953,"2015/09/27",52.5,0.0020155,7,0.158825947282591,0.00451777855154091,0.0125182003272653,0,0.0296967688714906,0.205558695032887,0.243398117272737,0.00784812951706867,0.00733521864347114,0.00855394393178725,0.0307842970044649,0.297919706369529,3.104,2621,1.9,12534,45.56,52,23.9789473684211,18.0868075385494,0.222481719583405
-4.75239490574462,56,0.0024519999999999,0.00169299999999994,"2015/09/20",0.008631,"2015/09/27",125,0.0020155,7,0.29686712713113,0.0173966310278213,0.00848271720556073,0.0192881695146629,0.0420556245197867,0.384090269398962,0.419530269159694,0.0336034099480467,0.0113407699309862,0.0437107248981638,0.0449651010147529,0.553150274951644,3.019,2642,2,12065,44.98,104.5,22.49,22.3658192090396,0.907467415562876
-5.29512247565152,56,0.0024519999999999,0.00169299999999994,"2015/09/20",0.005016,"2015/09/27",125,0.0020155,7,0.29686712713113,0.0173966310278213,0.00848271720556073,0.0192881695146629,0.0420556245197867,0.384090269398962,0.419530269159694,0.0336034099480467,0.0113407699309862,0.0437107248981638,0.0449651010147529,0.553150274951644,3.019,2642,2,12065,44.98,104.5,22.49,22.3658192090396,0.907467415562876
-4.21949970520811,57,0.00125900000000012,0.000998000000000054,"2015/09/20",0.014706,"2015/09/27",100,0.0020155,7,0.467097687144705,0.0037098342058793,0.00668892904249509,0.0061905450394138,0.036654279475553,0.520341274908047,0.250105411757595,0.0198014992191216,0.0145267657791299,0,0.0646601711985404,0.349093847954387,3.064,2759,2.06,11995,44.09,42.5,21.4029126213592,23.0999270605398,0.28721330741521
NA,57,0.00125900000000012,0.000998000000000054,"2015/09/20",NA,"2015/09/27",100,0.0020155,7,0.467097687144705,0.0037098342058793,0.00668892904249509,0.0061905450394138,0.036654279475553,0.520341274908047,0.250105411757595,0.0198014992191216,0.0145267657791299,0,0.0646601711985404,0.349093847954387,3.064,2759,2.06,11995,44.09,42.5,21.4029126213592,23.0999270605398,0.28721330741521
-4.79403309082547,59,0.00364999999999993,0.00250399999999984,"2015/09/20",0.008279,"2015/09/27",112.5,0.0020155,7,0.201757722814859,0.0163995775514514,0.0218720669485729,0.0210719956712713,0.0277876054855927,0.288888968471747,0.226343273083084,0.0364408202108764,0.0171001347091541,0.0393763923627722,0.0253032577416365,0.344563878107523,2.926,2223,1.74,11345,42.9,72.5,24.6551724137931,19.0438965724594,1.05406364464672
-4.96599659247788,59,0.00364999999999993,0.00250399999999984,"2015/09/20",0.006971,"2015/09/27",112.5,0.0020155,7,0.201757722814859,0.0163995775514514,0.0218720669485729,0.0210719956712713,0.0277876054855927,0.288888968471747,0.226343273083084,0.0364408202108764,0.0171001347091541,0.0393763923627722,0.0253032577416365,0.344563878107523,2.926,2223,1.74,11345,42.9,72.5,24.6551724137931,19.0438965724594,1.05406364464672
-4.92180058039577,60,0.00660399999999983,0.00499999999999989,"2015/09/20",0.007286,"2015/09/27",140,0.0020155,7,0.224865009384411,0.00328813352968771,0.00360511265470781,0.0142971960383927,0.0432895590017212,0.28934501060892,0.209526049749992,0.0114346612819942,0.00337601304077753,0.0332049347942983,0.053217230616334,0.310758889483396,3.025,2510,1.91,11974,44.46,135,23.2774869109948,17.1189189189189,0.430163111281336
-4.91659865216987,60,0.00660399999999983,0.00499999999999989,"2015/09/20",0.007324,"2015/09/27",140,0.0020155,7,0.224865009384411,0.00328813352968771,0.00360511265470781,0.0142971960383927,0.0432895590017212,0.28934501060892,0.209526049749992,0.0114346612819942,0.00337601304077753,0.0332049347942983,0.053217230616334,0.310758889483396,3.025,2510,1.91,11974,44.46,135,23.2774869109948,17.1189189189189,0.430163111281336
-5.74804789095422,61,0.00175300000000012,0.00174299999999983,"2015/09/20",0.003189,"2015/09/27",107.5,0.0020155,7,0.316811777524116,0.00274987679790109,0.00225178375596443,0.00694556827922119,0.0390047187605282,0.367763725117731,0.528820239826661,0.0153318675439837,0.0328304329818869,0.0258596991813159,0.050613135838459,0.653455375372306,3.096,3149,2.32,12401,45.52,43.5,19.6206896551724,19.5373226403455,0.239783949499312
-5.96190574486644,61,0.00175300000000012,0.00174299999999983,"2015/09/20",0.002575,"2015/09/27",107.5,0.0020155,7,0.316811777524116,0.00274987679790109,0.00225178375596443,0.00694556827922119,0.0390047187605282,0.367763725117731,0.528820239826661,0.0153318675439837,0.0328304329818869,0.0258596991813159,0.050613135838459,0.653455375372306,3.096,3149,2.32,12401,45.52,43.5,19.6206896551724,19.5373226403455,0.239783949499312
-4.50722711165813,62,0.00178199999999995,0.0012970000000001,"2015/09/20",0.011029,"2015/09/27",132.5,0.0020155,7,0.339235756088881,0.00839083976018177,0.00449230393655733,0.0134348188539689,0.0357082794677742,0.401261998107364,0.17285730686924,0,0.00907468728633922,0,0.0311750401271167,0.213107034282696,2.881,2917,2.33,11699,45.51,69.5,19.5321888412017,24.3990755007704,0.534401417014817
-4.57872301597324,62,0.00178199999999995,0.0012970000000001,"2015/09/20",0.010268,"2015/09/27",132.5,0.0020155,7,0.339235756088881,0.00839083976018177,0.00449230393655733,0.0134348188539689,0.0357082794677742,0.401261998107364,0.17285730686924,0,0.00907468728633922,0,0.0311750401271167,0.213107034282696,2.881,2917,2.33,11699,45.51,69.5,19.5321888412017,24.3990755007704,0.534401417014817
-4.74996477089132,63,0.00486900000000001,0.00187900000000019,"2015/09/20",0.008652,"2015/09/27",82.5,0.0020155,7,0.228296060464033,0.0117917628263142,0.00896509015931978,0.017497182922606,0.021882314005394,0.288432410377667,0.375863654448657,0.0819704152276385,0.0375697633072604,0.0948032923866009,0,0.590207125370157,3.164,3000,2.16,12602,45.5,95.5,21.0648148148148,22.5409252669039,0.745474227308525
-5.14319572968074,63,0.00486900000000001,0.00187900000000019,"2015/09/20",0.005839,"2015/09/27",82.5,0.0020155,7,0.228296060464033,0.0117917628263142,0.00896509015931978,0.017497182922606,0.021882314005394,0.288432410377667,0.375863654448657,0.0819704152276385,0.0375697633072604,0.0948032923866009,0,0.590207125370157,3.164,3000,2.16,12602,45.5,95.5,21.0648148148148,22.5409252669039,0.745474227308525
-4.6589929926856,64,0.00165100000000007,0.00143699999999991,"2015/09/20",0.009476,"2015/09/27",95,0.0020155,7,0.403054993361393,0.00398338764604076,0.00467581976710781,0.0160108526380906,0.0452127002925003,0.472937753705133,0.283952035804253,0.0129718076534097,0.0183696073551963,0.0221304724913373,0.0257353017464792,0.363159225050675,2.964,3025,2.33,11950,45.26,55,19.4248927038627,24.8197492163009,0.49466560369988
-4.92029197419865,64,0.00165100000000007,0.00143699999999991,"2015/09/20",0.007297,"2015/09/27",95,0.0020155,7,0.403054993361393,0.00398338764604076,0.00467581976710781,0.0160108526380906,0.0452127002925003,0.472937753705133,0.283952035804253,0.0129718076534097,0.0183696073551963,0.0221304724913373,0.0257353017464792,0.363159225050675,2.964,3025,2.33,11950,45.26,55,19.4248927038627,24.8197492163009,0.49466560369988
-4.78909302414902,65,0.00330399999999997,0.0018720000000001,"2015/09/20",0.00832,"2015/09/27",120,0.0020155,7,0.4896907870621,0.00891277110219561,0.00492854435944668,0.0275918428327715,0.0542916791134686,0.585415624469983,0.292810874590737,0.0570323316315097,0.0193516211237359,0.0635769615783038,0.0420973540525885,0.474869142976875,3.019,1795,1.37,11575,42.8,55,31.2408759124088,24.5885093167702,0.868505225622112
NA,65,0.00330399999999997,0.0018720000000001,"2015/09/20",NA,"2015/09/27",120,0.0020155,7,0.4896907870621,0.00891277110219561,0.00492854435944668,0.0275918428327715,0.0542916791134686,0.585415624469983,0.292810874590737,0.0570323316315097,0.0193516211237359,0.0635769615783038,0.0420973540525885,0.474869142976875,3.019,1795,1.37,11575,42.8,55,31.2408759124088,24.5885093167702,0.868505225622112
-4.69159991398648,66,0.00101200000000001,0.00148799999999993,"2015/09/20",0.009172,"2015/09/27",135,0.0020155,7,0.246487746061161,0.014141170124749,0.00208632545092926,0,0.0674479160094846,0.330163157646324,0.211615608724683,0.0107958299296803,0.0386667218601111,0.0369261709738066,0,0.298004331488281,2.972,2678,2.07,11791,44.57,120,21.5314009661836,20.0569981000633,0.33899428944734
-4.52626658839262,66,0.00101200000000001,0.00148799999999993,"2015/09/20",0.010821,"2015/09/27",135,0.0020155,7,0.246487746061161,0.014141170124749,0.00208632545092926,0,0.0674479160094846,0.330163157646324,0.211615608724683,0.0107958299296803,0.0386667218601111,0.0369261709738066,0,0.298004331488281,2.972,2678,2.07,11791,44.57,120,21.5314009661836,20.0569981000633,0.33899428944734
-4.55191381968766,68,0.00251400000000013,0.0030079999999999,"2015/09/20",0.010547,"2015/09/27",87.5,0.0020155,7,0.375384462075996,0.0212091685193828,0.00908821439775248,0.0228005690939409,0.0276755008158142,0.456157914902886,0.595956468046446,0.0234862028225736,0.0199808034440413,0.028085827929652,0.0390345225976922,0.706543824840405,2.904,2497,1.95,11453,43.89,82,22.5076923076923,19.5977722772277,1.07820578855899
-4.60317218332542,68,0.00251400000000013,0.0030079999999999,"2015/09/20",0.01002,"2015/09/27",87.5,0.0020155,7,0.375384462075996,0.0212091685193828,0.00908821439775248,0.0228005690939409,0.0276755008158142,0.456157914902886,0.595956468046446,0.0234862028225736,0.0199808034440413,0.028085827929652,0.0390345225976922,0.706543824840405,2.904,2497,1.95,11453,43.89,82,22.5076923076923,19.5977722772277,1.07820578855899
-4.55125034399866,69,0.00194499999999986,0.00102600000000019,"2015/09/20",0.010554,"2015/09/27",127.5,0.0020155,7,0.227869838445124,0.0400145925980396,0.00162262931541943,0.0154897909843732,0.0584653954136957,0.343462246756652,0.195113721282191,0.00320471306360036,0.0033242421183005,0,0.0401349044067415,0.241777580870834,3.052,3222,2.4,12442,46.38,92,19.325,18.4449621432732,1.26607306879068
-4.39653132087676,69,0.00194499999999986,0.00102600000000019,"2015/09/20",0.01232,"2015/09/27",127.5,0.0020155,7,0.227869838445124,0.0400145925980396,0.00162262931541943,0.0154897909843732,0.0584653954136957,0.343462246756652,0.195113721282191,0.00320471306360036,0.0033242421183005,0,0.0401349044067415,0.241777580870834,3.052,3222,2.4,12442,46.38,92,19.325,18.4449621432732,1.26607306879068
-4.58693741772703,70,0.00512599999999996,0.00513300000000005,"2015/09/20",0.010184,"2015/09/27",127.5,0.0020155,7,0.164594832857317,0.0372982038044264,0.00757776707981588,0.0232720747996168,0.0130501937376841,0.245793072278861,0.308766312586256,0.032833237591756,0.017242709545269,0.040556681718946,0.0297817905417867,0.429180731984013,3.113,2009,1.6,11824,43.87,91,27.41875,17.2213159325721,1.43706955118076
-4.50505339465332,70,0.00512599999999996,0.00513300000000005,"2015/09/20",0.011053,"2015/09/27",127.5,0.0020155,7,0.164594832857317,0.0372982038044264,0.00757776707981588,0.0232720747996168,0.0130501937376841,0.245793072278861,0.308766312586256,0.032833237591756,0.017242709545269,0.040556681718946,0.0297817905417867,0.429180731984013,3.113,2009,1.6,11824,43.87,91,27.41875,17.2213159325721,1.43706955118076
-4.38595433801186,71,0.00466600000000006,0.00267600000000012,"2015/09/20",0.012451,"2015/09/27",107.5,0.0020155,7,0.212966885000363,0.0124110487762284,0.00694574856903833,0.0181307708661317,0.0247868131314688,0.27524126634323,0.324456106956634,0.0420530214224523,0.028907198121762,0.0816900663260531,0,0.477106392826902,3.007,2568,2.1,11521,43.96,75,20.9333333333333,22.2245614035088,0.754222684050672
-5.10242168972696,71,0.00466600000000006,0.00267600000000012,"2015/09/20",0.006082,"2015/09/27",107.5,0.0020155,7,0.212966885000363,0.0124110487762284,0.00694574856903833,0.0181307708661317,0.0247868131314688,0.27524126634323,0.324456106956634,0.0420530214224523,0.028907198121762,0.0816900663260531,0,0.477106392826902,3.007,2568,2.1,11521,43.96,75,20.9333333333333,22.2245614035088,0.754222684050672
-5.55501770139109,72,0.00627500000000003,0.00775400000000004,"2015/09/20",0.003868,"2015/09/27",117.5,0.0020155,7,0.316547803474284,0.00472921201200275,0.0018643848832957,0.00812554863686764,0.0387034383025969,0.369970387309047,0.303461002291432,0.00862724418771026,0.0062593730125156,0.016329805709782,0.0411274273513968,0.375804852552836,2.942,2379,2,11502,44.82,80.5,22.41,18.9868105515588,0.307203275883877
-4.73984508931469,72,0.00627500000000003,0.00775400000000004,"2015/09/20",0.00874,"2015/09/27",117.5,0.0020155,7,0.316547803474284,0.00472921201200275,0.0018643848832957,0.00812554863686764,0.0387034383025969,0.369970387309047,0.303461002291432,0.00862724418771026,0.0062593730125156,0.016329805709782,0.0411274273513968,0.375804852552836,2.942,2379,2,11502,44.82,80.5,22.41,18.9868105515588,0.307203275883877
-4.76463496063912,73,0.000993000000000022,0.00103699999999995,"2015/09/20",0.008526,"2015/09/27",90,0.0020155,7,0.249446349163886,0.00381922143339942,0.00289068733668422,0.00931154866093734,0.035430850612627,0.300898657207534,0.299179172490191,0.0229390414562897,0.00711187709179438,0.0384297601112404,0.0485377281536778,0.416197579303193,3.132,3397,2.69,12641,47.42,98.5,17.6282527881041,19.4652735095267,0.323221170202717
-4.34295977950998,73,0.000993000000000022,0.00103699999999995,"2015/09/20",0.012998,"2015/09/27",90,0.0020155,7,0.249446349163886,0.00381922143339942,0.00289068733668422,0.00931154866093734,0.035430850612627,0.300898657207534,0.299179172490191,0.0229390414562897,0.00711187709179438,0.0384297601112404,0.0485377281536778,0.416197579303193,3.132,3397,2.69,12641,47.42,98.5,17.6282527881041,19.4652735095267,0.323221170202717
-4.96958932466026,74,0.00080900000000006,0.00117000000000012,"2015/09/20",0.006946,"2015/09/27",62.5,0.0020155,7,0.258878803589417,0.0308050626906397,0.0121166550364744,0.0322920007344428,0.0340199648779775,0.368112486928951,0.339935440169289,0.0320709943631018,0.0190893303042285,0,0.095042083044415,0.486137847881034,3.006,1963,1.62,10781,40.57,38,25.0432098765432,16.863684771033,1.53706478327691
-5.21876708779003,74,0.00080900000000006,0.00117000000000012,"2015/09/20",0.005414,"2015/09/27",62.5,0.0020155,7,0.258878803589417,0.0308050626906397,0.0121166550364744,0.0322920007344428,0.0340199648779775,0.368112486928951,0.339935440169289,0.0320709943631018,0.0190893303042285,0,0.095042083044415,0.486137847881034,3.006,1963,1.62,10781,40.57,38,25.0432098765432,16.863684771033,1.53706478327691
NA,75,0.0021230000000001,0.00130499999999989,"2015/09/20",NA,"2015/09/27",160,0.0020155,7,0.210182531630726,0.0128562509759523,0.0101398389251896,0.0189109071076887,0.0262139558859756,0.278303484525533,0.417383794676484,0.022809129214195,0.00907743245346958,0.0372897395515325,0.035507874514492,0.522067970410173,2.907,2627,2.23,11798,46.83,113.5,21,17.0819848975189,0.812565623289554
-4.82108989221298,75,0.0021230000000001,0.00130499999999989,"2015/09/20",0.008058,"2015/09/27",160,0.0020155,7,0.210182531630726,0.0128562509759523,0.0101398389251896,0.0189109071076887,0.0262139558859756,0.278303484525533,0.417383794676484,0.022809129214195,0.00907743245346958,0.0372897395515325,0.035507874514492,0.522067970410173,2.907,2627,2.23,11798,46.83,113.5,21,17.0819848975189,0.812565623289554
NA,76,0.002027,0.00231800000000004,"2015/09/20",NA,"2015/09/27",150,0.0020155,7,0.162425319571981,0.0140844906091402,0.0224455744707749,0.0231827096788301,0.0223191429131282,0.244457237243854,0.265164745748417,0.0264059068025499,0.0123174518828808,0.0393009446652703,0.0302541504345151,0.373443199533633,2.966,2213,1.85,11205,43.05,76,23.2702702702703,15.0237191650854,1.05481304044244
-4.85107072442492,76,0.002027,0.00231800000000004,"2015/09/20",0.00782,"2015/09/27",150,0.0020155,7,0.162425319571981,0.0140844906091402,0.0224455744707749,0.0231827096788301,0.0223191429131282,0.244457237243854,0.265164745748417,0.0264059068025499,0.0123174518828808,0.0393009446652703,0.0302541504345151,0.373443199533633,2.966,2213,1.85,11205,43.05,76,23.2702702702703,15.0237191650854,1.05481304044244
-4.36355823039084,77,0.00212400000000001,0.00398900000000002,"2015/09/20",0.012733,"2015/09/27",122.5,0.0020155,7,0.346996470527842,0.00326980758073991,0.00130044437506782,0.0100041477563136,0.0365801171709198,0.398150987410883,0.288913993799502,0.0087661171151465,0.0156271748255254,0.0137874342751686,0.0217250129975946,0.348819733012937,3.149,2712,2.12,11538,41.97,31.5,19.7971698113208,18.8624181060155,0.311074623989908
-5.03150148677764,77,0.00212400000000001,0.00398900000000002,"2015/09/20",0.006529,"2015/09/27",122.5,0.0020155,7,0.346996470527842,0.00326980758073991,0.00130044437506782,0.0100041477563136,0.0365801171709198,0.398150987410883,0.288913993799502,0.0087661171151465,0.0156271748255254,0.0137874342751686,0.0217250129975946,0.348819733012937,3.149,2712,2.12,11538,41.97,31.5,19.7971698113208,18.8624181060155,0.311074623989908
-5.11816482703892,78,0.00242000000000009,0.00232199999999994,"2015/09/20",0.005987,"2015/09/27",105,0.0020155,7,0.310786290351865,0.00542576335595125,0.00554906559590079,0.016671143576833,0.0421413426063151,0.380573605486865,0.233276164314003,0.0194335097262191,0.00845344890333505,0.0214394669704932,0.0274347320525077,0.310037321966558,3.06,2049,1.64,11896,44.96,64,27.4146341463415,21.0292164674635,0.550443074707197
-5.46366381913603,78,0.00242000000000009,0.00232199999999994,"2015/09/20",0.004238,"2015/09/27",105,0.0020155,7,0.310786290351865,0.00542576335595125,0.00554906559590079,0.016671143576833,0.0421413426063151,0.380573605486865,0.233276164314003,0.0194335097262191,0.00845344890333505,0.0214394669704932,0.0274347320525077,0.310037321966558,3.06,2049,1.64,11896,44.96,64,27.4146341463415,21.0292164674635,0.550443074707197
-5.11133999821789,80,0.00366099999999991,0.00342700000000007,"2015/09/21",0.006028,"2015/09/28",165,0.0016832,7,0.256451339219131,0.0163891422741561,0.0050700675538871,0.0195672674911437,0.0299364885702581,0.327414305108576,0.370351393821106,0.0320186077367124,0.0145777646115157,0.0469663164331307,0.0364729273185059,0.500387009920971,2.972,2066,1.73,11727,45.55,91.5,26.3294797687861,19.2874543239951,0.8581415381897
-5.755602223386,80,0.00366099999999991,0.00342700000000007,"2015/09/21",0.003165,"2015/09/28",165,0.0016832,7,0.256451339219131,0.0163891422741561,0.0050700675538871,0.0195672674911437,0.0299364885702581,0.327414305108576,0.370351393821106,0.0320186077367124,0.0145777646115157,0.0469663164331307,0.0364729273185059,0.500387009920971,2.972,2066,1.73,11727,45.55,91.5,26.3294797687861,19.2874543239951,0.8581415381897
-4.96829445360673,81,0.00302199999999986,0.00342200000000004,"2015/09/21",0.006955,"2015/09/28",120,0.0016832,7,0.366934339630097,0.00329218209528671,0.00438291179082367,0.0140684688942741,0.0391998571924802,0.427877759602961,0.181254428058214,0.0259806731287842,0.0122894205522142,0,0.0630441257121414,0.282568647451354,3.007,2231,1.86,11534,43.94,67,23.6236559139785,24.065349544073,0.432607983827798
-4.9661400542097,81,0.00302199999999986,0.00342200000000004,"2015/09/21",0.00697,"2015/09/28",120,0.0016832,7,0.366934339630097,0.00329218209528671,0.00438291179082367,0.0140684688942741,0.0391998571924802,0.427877759602961,0.181254428058214,0.0259806731287842,0.0122894205522142,0,0.0630441257121414,0.282568647451354,3.007,2231,1.86,11534,43.94,67,23.6236559139785,24.065349544073,0.432607983827798
-4.97146265902178,83,NA,0.00145099999999987,"2015/09/21",0.006933,"2015/09/28",92.5,0.0016832,7,0.303250676172602,0.0110456460885845,0.0147979790056555,0.0244390996489531,0.0183796543813165,0.371913055297111,0.324196218876452,0.00917775885948095,0.00661628581756882,0.0200267494799479,0.0367948318669331,0.396811844900383,3.073,3255,2.62,11964,42.4,55.5,16.1832061068702,20.6858262573481,0.940839702674221
-5.14679871890913,83,NA,0.00145099999999987,"2015/09/21",0.005818,"2015/09/28",92.5,0.0016832,7,0.303250676172602,0.0110456460885845,0.0147979790056555,0.0244390996489531,0.0183796543813165,0.371913055297111,0.324196218876452,0.00917775885948095,0.00661628581756882,0.0200267494799479,0.0367948318669331,0.396811844900383,3.073,3255,2.62,11964,42.4,55.5,16.1832061068702,20.6858262573481,0.940839702674221
-4.56077059869141,86,0.00169399999999986,0.00148099999999984,"2015/09/21",0.010454,"2015/09/28",82.5,0.0016832,7,0.260845927182354,0.0334401305431212,0.0289592214122656,0.0234859001304484,0.0341683280915382,0.380899507359727,0.372871212995361,0.0113371941741398,0.0124338031230962,0.0223570938429677,0.0354315218217753,0.45443082595734,3.104,2688,2.16,12021,44.94,48,20.8055555555556,18.8175876411171,1.56086434133025
-4.20090579845645,86,0.00169399999999986,0.00148099999999984,"2015/09/21",0.014982,"2015/09/28",82.5,0.0016832,7,0.260845927182354,0.0334401305431212,0.0289592214122656,0.0234859001304484,0.0341683280915382,0.380899507359727,0.372871212995361,0.0113371941741398,0.0124338031230962,0.0223570938429677,0.0354315218217753,0.45443082595734,3.104,2688,2.16,12021,44.94,48,20.8055555555556,18.8175876411171,1.56086434133025
-4.80949198306171,87,0.0022819999999999,0.00307600000000008,"2015/09/21",0.008152,"2015/09/28",90,0.0016832,7,0.443965874126842,0.00527512177487673,0.0072562206634017,0.00697100565100282,0.0411816099956854,0.504649832211809,0.33687792347487,0.0340831870961565,0.0128684874194945,0.0390231574133921,0.0352119393197982,0.458064694723712,2.919,2255,1.93,11062,43.17,72,22.3678756476684,22.2714486638537,0.345515329716281
-4.40402687495355,87,0.0022819999999999,0.00307600000000008,"2015/09/21",0.012228,"2015/09/28",90,0.0016832,7,0.443965874126842,0.00527512177487673,0.0072562206634017,0.00697100565100282,0.0411816099956854,0.504649832211809,0.33687792347487,0.0340831870961565,0.0128684874194945,0.0390231574133921,0.0352119393197982,0.458064694723712,2.919,2255,1.93,11062,43.17,72,22.3678756476684,22.2714486638537,0.345515329716281
-4.19910525780796,88,9.40000000000385e-05,9.90000000000713e-05,"2015/09/21",0.015009,"2015/09/28",70,0.0016832,7,0.226706445502543,0.0120554016292071,0.014110191385336,0.0180907995097311,0.0265172977796652,0.297480135806482,0.255415956770863,0.0376660064514314,0.018944488312971,0.0481763875354014,0.0336323257140044,0.393835164784671,3.247,2422,1.88,12502,45.18,95.5,24.031914893617,23.9924242424242,0.814327723984729
NA,88,9.40000000000385e-05,9.90000000000713e-05,"2015/09/21",NA,"2015/09/28",70,0.0016832,7,0.226706445502543,0.0120554016292071,0.014110191385336,0.0180907995097311,0.0265172977796652,0.297480135806482,0.255415956770863,0.0376660064514314,0.018944488312971,0.0481763875354014,0.0336323257140044,0.393835164784671,3.247,2422,1.88,12502,45.18,95.5,24.031914893617,23.9924242424242,0.814327723984729
-5.47243268679489,89,0.00172600000000012,0.00258199999999986,"2015/09/21",0.004201,"2015/09/28",117.5,0.0016832,7,0.394295185222124,0.0301153999602637,0.010226004770506,0.0304362057914837,0.0369599493053744,0.502032745049752,0.329313782054105,0.0575685796202992,0.0240888109645622,0.0664417935822419,0.0359090488098838,0.513322015031092,3.115,2718,2.19,12012,44.84,63,20.4748858447489,23.4072431633407,1.46159484193385
-4.29908352186021,89,0.00172600000000012,0.00258199999999986,"2015/09/21",0.013581,"2015/09/28",117.5,0.0016832,7,0.394295185222124,0.0301153999602637,0.010226004770506,0.0304362057914837,0.0369599493053744,0.502032745049752,0.329313782054105,0.0575685796202992,0.0240888109645622,0.0664417935822419,0.0359090488098838,0.513322015031092,3.115,2718,2.19,12012,44.84,63,20.4748858447489,23.4072431633407,1.46159484193385
-4.85311885622127,90,0.00483900000000004,0.00364199999999992,"2015/09/21",0.007804,"2015/09/28",130,0.0016832,7,0.334283331504966,0.0263854386209592,0.0170723656686362,0.031136537162531,0.0262265353259249,0.435104208283017,0.23312947603348,0.0185609531981722,0.0154062100382527,0.0285787128079759,0.0241313934788729,0.319806745556754,2.926,1950,1.67,10783,41.8,52.5,25.0299401197605,19.3109756097561,1.4591778313421
-4.85761382301385,90,0.00483900000000004,0.00364199999999992,"2015/09/21",0.007769,"2015/09/28",130,0.0016832,7,0.334283331504966,0.0263854386209592,0.0170723656686362,0.031136537162531,0.0262265353259249,0.435104208283017,0.23312947603348,0.0185609531981722,0.0154062100382527,0.0285787128079759,0.0241313934788729,0.319806745556754,2.926,1950,1.67,10783,41.8,52.5,25.0299401197605,19.3109756097561,1.4591778313421
-4.55257773586892,91,0.00300499999999992,0.00175399999999981,"2015/09/21",0.01054,"2015/09/28",95,0.0016832,7,0.183836405856844,0.0160967819959202,0.0152019142306179,0.0184477450903312,0.0276375993835346,0.261220446557248,0.221766061122924,0.030919486897244,0.0263186507232293,0.0352296649927695,0.0573575400822238,0.37159140381839,3.107,2691,2.18,11742,43.79,62.5,20.0871559633027,18.6843657817109,0.924002940974277
-4.81244038814601,91,0.00300499999999992,0.00175399999999981,"2015/09/21",0.008128,"2015/09/28",95,0.0016832,7,0.183836405856844,0.0160967819959202,0.0152019142306179,0.0184477450903312,0.0276375993835346,0.261220446557248,0.221766061122924,0.030919486897244,0.0263186507232293,0.0352296649927695,0.0573575400822238,0.37159140381839,3.107,2691,2.18,11742,43.79,62.5,20.0871559633027,18.6843657817109,0.924002940974277
-4.41777817238103,92,0.000482000000000093,0.000721999999999889,"2015/09/21",0.012061,"2015/09/28",65,0.0016832,7,0.298314904608468,0.0149890592854729,0.00925699155298287,0.025027369361973,0.0287253809937541,0.376313705802651,0.137991410907564,0.015259020090094,0.00763409916906879,0.0215215616986593,0.0364863535313595,0.218892445396746,3.166,2484,1.93,12441,45.77,75.5,23.7150259067358,22.1623512946116,0.989603326131572
-4.23188397624416,92,0.000482000000000093,0.000721999999999889,"2015/09/21",0.014525,"2015/09/28",65,0.0016832,7,0.298314904608468,0.0149890592854729,0.00925699155298287,0.025027369361973,0.0287253809937541,0.376313705802651,0.137991410907564,0.015259020090094,0.00763409916906879,0.0215215616986593,0.0364863535313595,0.218892445396746,3.166,2484,1.93,12441,45.77,75.5,23.7150259067358,22.1623512946116,0.989603326131572
-4.76381427942769,93,0.00182300000000013,0.00195599999999985,"2015/09/21",0.008533,"2015/09/28",95,0.0016832,7,0.374134511476236,0.00869038392725617,0.00646594157601896,0.00501217729984766,0.060200256243863,0.454503270523222,0.467231517546819,0.0582165215168297,0.0257334025649147,0.0489873874456966,0.0275659464280852,0.627734775502345,3.183,2714,2.14,12035,44.06,64.5,20.588785046729,22.6700071581961,0.37090043670788
-5.40145812546755,93,0.00182300000000013,0.00195599999999985,"2015/09/21",0.00451,"2015/09/28",95,0.0016832,7,0.374134511476236,0.00869038392725617,0.00646594157601896,0.00501217729984766,0.060200256243863,0.454503270523222,0.467231517546819,0.0582165215168297,0.0257334025649147,0.0489873874456966,0.0275659464280852,0.627734775502345,3.183,2714,2.14,12035,44.06,64.5,20.588785046729,22.6700071581961,0.37090043670788
NA,96,0.00262300000000004,0.00143599999999999,"2015/09/21",NA,"2015/09/28",140,0.0016832,7,0.235160383677607,0.0856353538417794,0.0281817934149774,0.0632807575300991,0.043775944405609,0.456034232870072,0.414965092027487,0.0882039599060189,0.03342020782063,0.0691548414488972,0.0417240026101227,0.647468103813155,3.072,1994,1.64,11185,41.59,55,25.359756097561,25.4991948470209,3.62467134107634
-4.96700125707619,96,0.00262300000000004,0.00143599999999999,"2015/09/21",0.006964,"2015/09/28",140,0.0016832,7,0.235160383677607,0.0856353538417794,0.0281817934149774,0.0632807575300991,0.043775944405609,0.456034232870072,0.414965092027487,0.0882039599060189,0.03342020782063,0.0691548414488972,0.0417240026101227,0.647468103813155,3.072,1994,1.64,11185,41.59,55,25.359756097561,25.4991948470209,3.62467134107634
-4.92042902621011,97,0.00279800000000008,0.00316800000000006,"2015/09/21",0.007296,"2015/09/28",87.5,0.0016832,7,0.265469090699412,0.02301078585929,0.0150753087858726,0.0246820830176804,0.0234555723129835,0.351692840675238,0.372737218984616,0.0163168028674086,0.0130347487918648,0,0.0492651234828475,0.451353894126737,3.108,2275,1.84,11847,44.1,77.5,23.9673913043478,27.3725151253241,1.21879490342052
-4.63645447602786,97,0.00279800000000008,0.00316800000000006,"2015/09/21",0.009692,"2015/09/28",87.5,0.0016832,7,0.265469090699412,0.02301078585929,0.0150753087858726,0.0246820830176804,0.0234555723129835,0.351692840675238,0.372737218984616,0.0163168028674086,0.0130347487918648,0,0.0492651234828475,0.451353894126737,3.108,2275,1.84,11847,44.1,77.5,23.9673913043478,27.3725151253241,1.21879490342052
-5.22413796837379,98,0.00303100000000001,0.00537199999999993,"2015/09/21",0.005385,"2015/09/28",145,0.0016832,7,0.317480048480637,0.0805485930927976,0.0282734491584452,0.0791123274123599,0.0418900083146601,0.547304426458899,0.222548457836711,0.0190227870773335,0.0216705966551879,0,0.0499904484771306,0.313232290046363,3.164,2092,1.69,12352,45.65,81,27.0118343195266,26.5020920502092,3.86660476465567
-4.70399654029499,98,0.00303100000000001,0.00537199999999993,"2015/09/21",0.009059,"2015/09/28",145,0.0016832,7,0.317480048480637,0.0805485930927976,0.0282734491584452,0.0791123274123599,0.0418900083146601,0.547304426458899,0.222548457836711,0.0190227870773335,0.0216705966551879,0,0.0499904484771306,0.313232290046363,3.164,2092,1.69,12352,45.65,81,27.0118343195266,26.5020920502092,3.86660476465567
-6.23226303366091,99,0.00345700000000004,0.00430699999999984,"2015/09/21",0.001965,"2015/09/28",150,0.0016832,7,0.190133617650491,0.0282390844721559,0.00710763607046634,0.0180790429672528,0.0438337408897499,0.287393122050116,0.416821809248921,0.0113426205252404,0.0070351821352837,0.0113985150615467,0.0278915056231889,0.47448963259418,3.075,2141,1.75,11649,43.72,94.5,24.9828571428571,18.5096434833431,1.11155434467642
-4.81898240987342,99,0.00345700000000004,0.00430699999999984,"2015/09/21",0.008075,"2015/09/28",150,0.0016832,7,0.190133617650491,0.0282390844721559,0.00710763607046634,0.0180790429672528,0.0438337408897499,0.287393122050116,0.416821809248921,0.0113426205252404,0.0070351821352837,0.0113985150615467,0.0278915056231889,0.47448963259418,3.075,2141,1.75,11649,43.72,94.5,24.9828571428571,18.5096434833431,1.11155434467642
-5.10604547890091,100,0.00375199999999998,0.00338100000000008,"2015/09/21",0.00606,"2015/09/28",147.5,0.0016832,7,0.286061371430886,0.0197971705157054,0.0108696990894532,0.022749882186396,0.0284610388330288,0.36793916205547,0.247084337342395,0.0749689125631603,0.0445791572135261,0.0948683993523418,0,0.461500806471424,2.984,2123,1.77,11114,42.38,98.5,23.9435028248588,18.466472303207,1.06238823376331
NA,100,0.00375199999999998,0.00338100000000008,"2015/09/21",NA,"2015/09/28",147.5,0.0016832,7,0.286061371430886,0.0197971705157054,0.0108696990894532,0.022749882186396,0.0284610388330288,0.36793916205547,0.247084337342395,0.0749689125631603,0.0445791572135261,0.0948683993523418,0,0.461500806471424,2.984,2123,1.77,11114,42.38,98.5,23.9435028248588,18.466472303207,1.06238823376331
-5.72787027018529,102,0.00306800000000007,0.00224999999999986,"2015/09/21",0.003254,"2015/09/28",97.5,0.0016832,7,0.185270347395182,0.136714138374351,0.0528571297683466,0.0952687084783249,0.0425608232695571,0.512671147285762,0.0925856698902819,0.0463755459705947,0.015752988401413,0.0456047285930823,0.0436234909102354,0.243942423765607,2.944,2133,1.81,11291,43.71,89,24.1491712707182,21.4131169709263,5.73308403792301
-4.95771083078837,102,0.00306800000000007,0.00224999999999986,"2015/09/21",0.007029,"2015/09/28",97.5,0.0016832,7,0.185270347395182,0.136714138374351,0.0528571297683466,0.0952687084783249,0.0425608232695571,0.512671147285762,0.0925856698902819,0.0463755459705947,0.015752988401413,0.0456047285930823,0.0436234909102354,0.243942423765607,2.944,2133,1.81,11291,43.71,89,24.1491712707182,21.4131169709263,5.73308403792301
-4.62997530490706,103,0.00156500000000004,0.00122800000000001,"2015/09/24",0.009755,"2015/10/01",92.5,0.0010715,7,0.282456779366931,0.0306223917541183,0.0102314606480013,0.0251152002636631,0.0368428497165773,0.385268681749291,0.249707608155976,0.0159452341465841,0.020770076047941,0.035251381079619,0.0257794212399112,0.347453720670031,2.962,1970,1.68,11469,44.45,73.5,26.4583333333333,23.5991058122206,1.35350892882079
-5.03703060545579,103,0.00156500000000004,0.00122800000000001,"2015/09/24",0.006493,"2015/10/01",92.5,0.0010715,7,0.282456779366931,0.0306223917541183,0.0102314606480013,0.0251152002636631,0.0368428497165773,0.385268681749291,0.249707608155976,0.0159452341465841,0.020770076047941,0.035251381079619,0.0257794212399112,0.347453720670031,2.962,1970,1.68,11469,44.45,73.5,26.4583333333333,23.5991058122206,1.35350892882079
-5.43988093086982,104,0.00289799999999985,0.00142400000000009,"2015/09/24",0.00434,"2015/10/01",115,0.0010715,7,0.354713962575789,0.0580109914164997,0.0213288065056974,0.0603884338519928,0.032238410029341,0.52668060437932,0.257004244723752,0.0383260833957276,0.0180681912185985,0.0530320952235612,0.0318677564057649,0.398298370967405,2.941,1827,1.57,11207,43.51,76,27.7133757961783,20.5515898767034,2.87070273383755
-5.53809855901527,104,0.00289799999999985,0.00142400000000009,"2015/09/24",0.003934,"2015/10/01",115,0.0010715,7,0.354713962575789,0.0580109914164997,0.0213288065056974,0.0603884338519928,0.032238410029341,0.52668060437932,0.257004244723752,0.0383260833957276,0.0180681912185985,0.0530320952235612,0.0318677564057649,0.398298370967405,2.941,1827,1.57,11207,43.51,76,27.7133757961783,20.5515898767034,2.87070273383755
-5.22265346262705,105,0.00727299999999986,0.00383100000000014,"2015/09/24",0.005393,"2015/10/01",132.5,0.0010715,7,0.46019325691792,0.0925715035092601,0.0342368661394998,0.107854397477962,0,0.694856024044643,0.169376702604968,0.0558093501311378,0.0202680183019059,0.0518152927493801,0.0167502653763682,0.314019629163759,2.974,1695,1.45,11378,43.78,91,30.1931034482759,21.9017980636238,4.84106361041123
-5.25679161971954,105,0.00727299999999986,0.00383100000000014,"2015/09/24",0.005212,"2015/10/01",132.5,0.0010715,7,0.46019325691792,0.0925715035092601,0.0342368661394998,0.107854397477962,0,0.694856024044643,0.169376702604968,0.0558093501311378,0.0202680183019059,0.0518152927493801,0.0167502653763682,0.314019629163759,2.974,1695,1.45,11378,43.78,91,30.1931034482759,21.9017980636238,4.84106361041123
-4.78717179397113,107,0.00432199999999994,0.00407999999999986,"2015/09/24",0.008336,"2015/10/01",122.5,0.0010715,7,0.440833898620838,0.00998784047130301,0.00563347986192154,0.0218466113217777,0.0335641607002767,0.511865990976117,0.0456039837517195,0.00355267852311672,0.0321701121344754,0.00777216161695171,0.0304042243141858,0.119503160340449,3.122,1802,1.46,11952,44.31,54.5,30.3493150684932,26.1519405450041,0.77043575929968
NA,107,0.00432199999999994,0.00407999999999986,"2015/09/24",NA,"2015/10/01",122.5,0.0010715,7,0.440833898620838,0.00998784047130301,0.00563347986192154,0.0218466113217777,0.0335641607002767,0.511865990976117,0.0456039837517195,0.00355267852311672,0.0321701121344754,0.00777216161695171,0.0304042243141858,0.119503160340449,3.122,1802,1.46,11952,44.31,54.5,30.3493150684932,26.1519405450041,0.77043575929968
NA,109,0.00636400000000004,0.00667400000000007,"2015/09/24",NA,"2015/10/01",140,0.0010715,7,0.303834023156193,0.00642318374385231,0.00461161768035112,0.0130338746428291,0.0343905814878034,0.362293280711029,0.389548532884387,0.0242533437654658,0.0138139764427807,0.0473767695827256,0.0326821822966121,0.507674804971971,2.942,2248,1.91,11685,45.79,111,23.9738219895288,22.7677929547088,0.482168883140017
-5.02235368705045,109,0.00636400000000004,0.00667400000000007,"2015/09/24",0.006589,"2015/10/01",140,0.0010715,7,0.303834023156193,0.00642318374385231,0.00461161768035112,0.0130338746428291,0.0343905814878034,0.362293280711029,0.389548532884387,0.0242533437654658,0.0138139764427807,0.0473767695827256,0.0326821822966121,0.507674804971971,2.942,2248,1.91,11685,45.79,111,23.9738219895288,22.7677929547088,0.482168883140017
-4.30425111050431,110,0.00163700000000011,0.00201000000000007,"2015/09/24",0.013511,"2015/10/01",147.5,0.0010715,7,0.321487675298849,0.00771663104603324,0.00910714792711306,0.01088940845251,0.0296260159048105,0.378826878629316,0.520274380764114,0.0113270471504119,0.035278506780985,0.00892017478515977,0.0347007453218568,0.610500854802527,3.091,1990,1.61,11574,43.17,70.5,26.8136645962733,16.1912065439673,0.50645817294459
-4.47528292515367,110,0.00163700000000011,0.00201000000000007,"2015/09/24",0.011387,"2015/10/01",147.5,0.0010715,7,0.321487675298849,0.00771663104603324,0.00910714792711306,0.01088940845251,0.0296260159048105,0.378826878629316,0.520274380764114,0.0113270471504119,0.035278506780985,0.00892017478515977,0.0347007453218568,0.610500854802527,3.091,1990,1.61,11574,43.17,70.5,26.8136645962733,16.1912065439673,0.50645817294459
-5.05349060440269,111,0.00665500000000008,0.00406400000000007,"2015/09/24",0.006387,"2015/10/01",85,0.0010715,7,0.321461812895812,0.0490851855775596,0.0428434790479419,0.0591760723844633,0.032291218481899,0.504857768387676,0.148351814349552,0.0303930314707193,0.0122282588512173,0.0354831948099181,0.0204709771119979,0.246927276593405,2.945,1696,1.45,11009,42.57,49,29.3586206896552,24.5123839009288,2.84945098311043
-5.39152974827022,111,0.00665500000000008,0.00406400000000007,"2015/09/24",0.004555,"2015/10/01",85,0.0010715,7,0.321461812895812,0.0490851855775596,0.0428434790479419,0.0591760723844633,0.032291218481899,0.504857768387676,0.148351814349552,0.0303930314707193,0.0122282588512173,0.0354831948099181,0.0204709771119979,0.246927276593405,2.945,1696,1.45,11009,42.57,49,29.3586206896552,24.5123839009288,2.84945098311043
NA,112,0.000812000000000035,0.000645000000000007,"2015/09/24",NA,"2015/10/01",132.5,0.0010715,7,0.426124441867603,0.0169993885327307,0.0108714461956986,0.0376129130774339,0.035887346702608,0.527495536376075,0.471521769489974,0.0507244003536273,0.032082592264684,0.0986713243660835,0.0296472160401404,0.68264730251451,3.052,2018,1.65,11623,43.85,81,26.5757575757576,22.6052819414704,1.33330907566998
-5.47410034650241,112,0.000812000000000035,0.000645000000000007,"2015/09/24",0.004194,"2015/10/01",132.5,0.0010715,7,0.426124441867603,0.0169993885327307,0.0108714461956986,0.0376129130774339,0.035887346702608,0.527495536376075,0.471521769489974,0.0507244003536273,0.032082592264684,0.0986713243660835,0.0296472160401404,0.68264730251451,3.052,2018,1.65,11623,43.85,81,26.5757575757576,22.6052819414704,1.33330907566998
-5.22265346262705,113,0.00205000000000011,0.00217000000000001,"2015/09/24",0.005393,"2015/10/01",172.5,0.0010715,7,0.252235148981076,0.0054264091079827,0.00685785015495117,0.00907226222515035,0.0284158205927076,0.302007491061868,0.317225702399687,0.00655688659511568,0.0115526515615021,0.0153848597748547,0.0302173316077775,0.380937431938937,2.938,1850,1.59,11348,44.31,100,27.8679245283019,20.8767303889255,0.392307618007581
-4.9490699384381,113,0.00205000000000011,0.00217000000000001,"2015/09/24",0.00709,"2015/10/01",172.5,0.0010715,7,0.252235148981076,0.0054264091079827,0.00685785015495117,0.00907226222515035,0.0284158205927076,0.302007491061868,0.317225702399687,0.00655688659511568,0.0115526515615021,0.0153848597748547,0.0302173316077775,0.380937431938937,2.938,1850,1.59,11348,44.31,100,27.8679245283019,20.8767303889255,0.392307618007581
-5.35658227468001,114,0.00317699999999999,0.00231099999999995,"2015/09/24",0.004717,"2015/10/01",160,0.0010715,7,0.283055196186936,0.02201117827368,0.0111783876105716,0.0268917411124995,0.0211850792078263,0.364321582391513,0.175983973984256,0.01622426774215,0.00649956197240819,0.031819529705306,0.0312219769253254,0.261749310329446,3.051,1768,1.46,11884,45.3,96,31.027397260274,22.2714486638537,1.20836398739224
-6.16534185711927,114,0.00317699999999999,0.00231099999999995,"2015/09/24",0.002101,"2015/10/01",160,0.0010715,7,0.283055196186936,0.02201117827368,0.0111783876105716,0.0268917411124995,0.0211850792078263,0.364321582391513,0.175983973984256,0.01622426774215,0.00649956197240819,0.031819529705306,0.0312219769253254,0.261749310329446,3.051,1768,1.46,11884,45.3,96,31.027397260274,22.2714486638537,1.20836398739224
-5.08320598693109,115,0.00263400000000003,0.0030380000000001,"2015/09/24",0.0062,"2015/10/01",87.5,0.0010715,7,0.484436614956761,0.0283204540237559,0.020631331294885,0.0427006945669889,0.0302893094482818,0.606378404290673,0.249804556118879,0.0410948899527677,0.0186257646144591,0.0390012916390593,0.028260115380012,0.376786617705177,3,2059,1.72,10948,41.48,52.5,24.1162790697674,18.8736591179976,1.79696673341205
-5.48585249039488,115,0.00263400000000003,0.0030380000000001,"2015/09/24",0.004145,"2015/10/01",87.5,0.0010715,7,0.484436614956761,0.0283204540237559,0.020631331294885,0.0427006945669889,0.0302893094482818,0.606378404290673,0.249804556118879,0.0410948899527677,0.0186257646144591,0.0390012916390593,0.028260115380012,0.376786617705177,3,2059,1.72,10948,41.48,52.5,24.1162790697674,18.8736591179976,1.79696673341205
-4.65310071974564,117,0.00320699999999996,0.00147000000000008,"2015/09/24",0.009532,"2015/10/01",95,0.0010715,7,0.516063354232869,0.0711664113296645,0.0326024967942217,0.0702984774166855,0.0485662350352476,0.738696974808689,0.307409274348553,0.0356921273055027,0.0254956901676146,0.0447778124783807,0.0371434562012204,0.450518360501272,3.125,2057,1.64,11847,44.08,67.5,26.8780487804878,25.0355731225296,3.49867470507374
-5.03318769856677,117,0.00320699999999996,0.00147000000000008,"2015/09/24",0.006518,"2015/10/01",95,0.0010715,7,0.516063354232869,0.0711664113296645,0.0326024967942217,0.0702984774166855,0.0485662350352476,0.738696974808689,0.307409274348553,0.0356921273055027,0.0254956901676146,0.0447778124783807,0.0371434562012204,0.450518360501272,3.125,2057,1.64,11847,44.08,67.5,26.8780487804878,25.0355731225296,3.49867470507374
